[{"model": "admin.logentry", "pk": 1, "fields": {"action_time": "2022-11-20T18:54:19.520Z", "user": 1, "content_type": 6, "object_id": "1", "object_repr": "Shirts", "action_flag": 1, "change_message": "[{\"added\": {}}]"}}, {"model": "admin.logentry", "pk": 2, "fields": {"action_time": "2022-11-20T19:06:17.420Z", "user": 1, "content_type": 6, "object_id": "2", "object_repr": "T shirts", "action_flag": 1, "change_message": "[{\"added\": {}}]"}}, {"model": "admin.logentry", "pk": 3, "fields": {"action_time": "2022-11-20T19:06:41.879Z", "user": 1, "content_type": 6, "object_id": "3", "object_repr": "Jackets", "action_flag": 1, "change_message": "[{\"added\": {}}]"}}, {"model": "admin.logentry", "pk": 4, "fields": {"action_time": "2022-11-20T19:07:02.742Z", "user": 1, "content_type": 6, "object_id": "4", "object_repr": "Jeans", "action_flag": 1, "change_message": "[{\"added\": {}}]"}}, {"model": "admin.logentry", "pk": 5, "fields": {"action_time": "2022-11-20T19:07:28.642Z", "user": 1, "content_type": 6, "object_id": "5", "object_repr": "Shoes", "action_flag": 1, "change_message": "[{\"added\": {}}]"}}, {"model": "admin.logentry", "pk": 6, "fields": {"action_time": "2022-11-21T19:34:57.023Z", "user": 1, "content_type": 8, "object_id": "1", "object_repr": "ATX-JEANS", "action_flag": 1, "change_message": "[{\"added\": {}}]"}}, {"model": "admin.logentry", "pk": 7, "fields": {"action_time": "2022-11-21T19:35:40.662Z", "user": 1, "content_type": 8, "object_id": "2", "object_repr": "BLUE SHIRT", "action_flag": 1, "change_message": "[{\"added\": {}}]"}}, {"model": "admin.logentry", "pk": 8, "fields": {"action_time": "2022-11-21T19:36:34.725Z", "user": 1, "content_type": 8, "object_id": "3", "object_repr": "GREAT TSHIRT", "action_flag": 1, "change_message": "[{\"added\": {}}]"}}, {"model": "admin.logentry", "pk": 9, "fields": {"action_time": "2022-11-21T19:37:27.774Z", "user": 1, "content_type": 8, "object_id": "4", "object_repr": "JORDAN SHOES", "action_flag": 1, "change_message": "[{\"added\": {}}]"}}, {"model": "admin.logentry", "pk": 10, "fields": {"action_time": "2022-11-21T19:38:09.179Z", "user": 1, "content_type": 8, "object_id": "5", "object_repr": "PUMA SHOES", "action_flag": 1, "change_message": "[{\"added\": {}}]"}}, {"model": "admin.logentry", "pk": 11, "fields": {"action_time": "2022-11-21T19:39:19.838Z", "user": 1, "content_type": 8, "object_id": "6", "object_repr": "US POLO JACKET", "action_flag": 1, "change_message": "[{\"added\": {}}]"}}, {"model": "admin.logentry", "pk": 12, "fields": {"action_time": "2022-11-21T19:39:56.795Z", "user": 1, "content_type": 8, "object_id": "7", "object_repr": "WRANGLER SHIRT", "action_flag": 1, "change_message": "[{\"added\": {}}]"}}, {"model": "admin.logentry", "pk": 13, "fields": {"action_time": "2022-11-22T12:50:24.918Z", "user": 1, "content_type": 8, "object_id": "3", "object_repr": "GREAT TSHIRT", "action_flag": 2, "change_message": "[{\"changed\": {\"fields\": [\"Stock\"]}}]"}}, {"model": "admin.logentry", "pk": 14, "fields": {"action_time": "2022-11-26T14:51:07.283Z", "user": 1, "content_type": 11, "object_id": "1", "object_repr": "Variation object (1)", "action_flag": 1, "change_message": "[{\"added\": {}}]"}}, {"model": "admin.logentry", "pk": 15, "fields": {"action_time": "2022-11-26T14:51:16.522Z", "user": 1, "content_type": 11, "object_id": "2", "object_repr": "Variation object (2)", "action_flag": 1, "change_message": "[{\"added\": {}}]"}}, {"model": "admin.logentry", "pk": 16, "fields": {"action_time": "2022-11-26T14:51:30.430Z", "user": 1, "content_type": 11, "object_id": "3", "object_repr": "Variation object (3)", "action_flag": 1, "change_message": "[{\"added\": {}}]"}}, {"model": "admin.logentry", "pk": 17, "fields": {"action_time": "2022-11-26T14:51:37.281Z", "user": 1, "content_type": 11, "object_id": "4", "object_repr": "Variation object (4)", "action_flag": 1, "change_message": "[{\"added\": {}}]"}}, {"model": "admin.logentry", "pk": 18, "fields": {"action_time": "2022-11-26T14:51:50.401Z", "user": 1, "content_type": 11, "object_id": "5", "object_repr": "Variation object (5)", "action_flag": 1, "change_message": "[{\"added\": {}}]"}}, {"model": "admin.logentry", "pk": 19, "fields": {"action_time": "2022-11-26T14:52:00.201Z", "user": 1, "content_type": 11, "object_id": "6", "object_repr": "Variation object (6)", "action_flag": 1, "change_message": "[{\"added\": {}}]"}}, {"model": "admin.logentry", "pk": 20, "fields": {"action_time": "2022-11-26T14:52:17.359Z", "user": 1, "content_type": 11, "object_id": "7", "object_repr": "Variation object (7)", "action_flag": 1, "change_message": "[{\"added\": {}}]"}}, {"model": "admin.logentry", "pk": 21, "fields": {"action_time": "2022-11-26T14:52:31.778Z", "user": 1, "content_type": 11, "object_id": "7", "object_repr": "Variation object (7)", "action_flag": 2, "change_message": "[{\"changed\": {\"fields\": [\"Variation value\"]}}]"}}, {"model": "admin.logentry", "pk": 22, "fields": {"action_time": "2022-11-26T14:52:48.926Z", "user": 1, "content_type": 11, "object_id": "8", "object_repr": "Variation object (8)", "action_flag": 1, "change_message": "[{\"added\": {}}]"}}, {"model": "admin.logentry", "pk": 23, "fields": {"action_time": "2022-11-29T11:11:41.582Z", "user": 1, "content_type": 7, "object_id": "6", "object_repr": "raghav005@gmail.com", "action_flag": 2, "change_message": "[{\"changed\": {\"fields\": [\"Is active\"]}}]"}}, {"model": "admin.logentry", "pk": 24, "fields": {"action_time": "2022-12-01T13:18:44.249Z", "user": 1, "content_type": 7, "object_id": "7", "object_repr": "wanderlust.we.009@gmail.com", "action_flag": 3, "change_message": ""}}, {"model": "admin.logentry", "pk": 25, "fields": {"action_time": "2022-12-01T13:24:04.789Z", "user": 1, "content_type": 7, "object_id": "8", "object_repr": "wanderlust.we.009@gmail.com", "action_flag": 3, "change_message": ""}}, {"model": "admin.logentry", "pk": 26, "fields": {"action_time": "2022-12-01T13:38:30.245Z", "user": 1, "content_type": 7, "object_id": "9", "object_repr": "wanderlust.we.009@gmail.com", "action_flag": 3, "change_message": ""}}, {"model": "admin.logentry", "pk": 27, "fields": {"action_time": "2022-12-01T13:59:29.434Z", "user": 1, "content_type": 7, "object_id": "10", "object_repr": "wanderlust.we.009@gmail.com", "action_flag": 3, "change_message": ""}}, {"model": "admin.logentry", "pk": 28, "fields": {"action_time": "2022-12-01T14:11:43.845Z", "user": 1, "content_type": 7, "object_id": "11", "object_repr": "wanderlust.we.009@gmail.com", "action_flag": 3, "change_message": ""}}, {"model": "admin.logentry", "pk": 29, "fields": {"action_time": "2022-12-01T14:27:26.217Z", "user": 1, "content_type": 7, "object_id": "12", "object_repr": "wanderlust.we.009@gmail.com", "action_flag": 3, "change_message": ""}}, {"model": "admin.logentry", "pk": 30, "fields": {"action_time": "2022-12-01T14:30:26.871Z", "user": 1, "content_type": 7, "object_id": "13", "object_repr": "wanderlust.we.009@gmail.com", "action_flag": 3, "change_message": ""}}, {"model": "admin.logentry", "pk": 31, "fields": {"action_time": "2022-12-03T17:57:01.572Z", "user": 1, "content_type": 9, "object_id": "17", "object_repr": "PUMA SHOES", "action_flag": 3, "change_message": ""}}, {"model": "admin.logentry", "pk": 32, "fields": {"action_time": "2022-12-03T17:57:01.591Z", "user": 1, "content_type": 9, "object_id": "16", "object_repr": "ATX-JEANS", "action_flag": 3, "change_message": ""}}, {"model": "admin.logentry", "pk": 33, "fields": {"action_time": "2022-12-03T17:57:01.596Z", "user": 1, "content_type": 9, "object_id": "15", "object_repr": "PUMA SHOES", "action_flag": 3, "change_message": ""}}, {"model": "admin.logentry", "pk": 34, "fields": {"action_time": "2022-12-03T17:57:01.601Z", "user": 1, "content_type": 9, "object_id": "14", "object_repr": "ATX-JEANS", "action_flag": 3, "change_message": ""}}, {"model": "admin.logentry", "pk": 35, "fields": {"action_time": "2022-12-03T17:57:01.613Z", "user": 1, "content_type": 9, "object_id": "13", "object_repr": "ATX-JEANS", "action_flag": 3, "change_message": ""}}, {"model": "admin.logentry", "pk": 36, "fields": {"action_time": "2022-12-03T17:57:01.617Z", "user": 1, "content_type": 9, "object_id": "11", "object_repr": "ATX-JEANS", "action_flag": 3, "change_message": ""}}, {"model": "admin.logentry", "pk": 37, "fields": {"action_time": "2022-12-03T18:00:18.900Z", "user": 1, "content_type": 9, "object_id": "19", "object_repr": "PUMA SHOES", "action_flag": 3, "change_message": ""}}, {"model": "admin.logentry", "pk": 38, "fields": {"action_time": "2022-12-03T18:00:18.917Z", "user": 1, "content_type": 9, "object_id": "18", "object_repr": "ATX-JEANS", "action_flag": 3, "change_message": ""}}, {"model": "admin.logentry", "pk": 39, "fields": {"action_time": "2022-12-03T18:02:50.029Z", "user": 1, "content_type": 9, "object_id": "20", "object_repr": "ATX-JEANS", "action_flag": 3, "change_message": ""}}, {"model": "admin.logentry", "pk": 40, "fields": {"action_time": "2022-12-04T13:37:16.130Z", "user": 1, "content_type": 9, "object_id": "26", "object_repr": "PUMA SHOES", "action_flag": 3, "change_message": ""}}, {"model": "admin.logentry", "pk": 41, "fields": {"action_time": "2022-12-04T13:37:16.141Z", "user": 1, "content_type": 9, "object_id": "25", "object_repr": "PUMA SHOES", "action_flag": 3, "change_message": ""}}, {"model": "admin.logentry", "pk": 42, "fields": {"action_time": "2022-12-04T13:37:16.147Z", "user": 1, "content_type": 9, "object_id": "24", "object_repr": "PUMA SHOES", "action_flag": 3, "change_message": ""}}, {"model": "admin.logentry", "pk": 43, "fields": {"action_time": "2022-12-04T13:37:16.152Z", "user": 1, "content_type": 9, "object_id": "23", "object_repr": "PUMA SHOES", "action_flag": 3, "change_message": ""}}, {"model": "admin.logentry", "pk": 44, "fields": {"action_time": "2022-12-04T13:37:16.155Z", "user": 1, "content_type": 9, "object_id": "22", "object_repr": "ATX-JEANS", "action_flag": 3, "change_message": ""}}, {"model": "admin.logentry", "pk": 45, "fields": {"action_time": "2022-12-04T13:37:16.157Z", "user": 1, "content_type": 9, "object_id": "21", "object_repr": "ATX-JEANS", "action_flag": 3, "change_message": ""}}, {"model": "admin.logentry", "pk": 46, "fields": {"action_time": "2022-12-04T13:46:11.559Z", "user": 1, "content_type": 9, "object_id": "33", "object_repr": "ATX-JEANS", "action_flag": 3, "change_message": ""}}, {"model": "admin.logentry", "pk": 47, "fields": {"action_time": "2022-12-04T13:46:11.569Z", "user": 1, "content_type": 9, "object_id": "32", "object_repr": "PUMA SHOES", "action_flag": 3, "change_message": ""}}, {"model": "admin.logentry", "pk": 48, "fields": {"action_time": "2022-12-04T13:46:11.573Z", "user": 1, "content_type": 9, "object_id": "31", "object_repr": "ATX-JEANS", "action_flag": 3, "change_message": ""}}, {"model": "admin.logentry", "pk": 49, "fields": {"action_time": "2022-12-04T13:46:11.579Z", "user": 1, "content_type": 9, "object_id": "30", "object_repr": "ATX-JEANS", "action_flag": 3, "change_message": ""}}, {"model": "admin.logentry", "pk": 50, "fields": {"action_time": "2022-12-04T13:46:11.582Z", "user": 1, "content_type": 9, "object_id": "29", "object_repr": "ATX-JEANS", "action_flag": 3, "change_message": ""}}, {"model": "admin.logentry", "pk": 51, "fields": {"action_time": "2022-12-04T13:48:16.973Z", "user": 1, "content_type": 9, "object_id": "35", "object_repr": "ATX-JEANS", "action_flag": 3, "change_message": ""}}, {"model": "admin.logentry", "pk": 52, "fields": {"action_time": "2022-12-04T13:48:16.991Z", "user": 1, "content_type": 9, "object_id": "34", "object_repr": "ATX-JEANS", "action_flag": 3, "change_message": ""}}, {"model": "admin.logentry", "pk": 53, "fields": {"action_time": "2022-12-04T14:11:30.354Z", "user": 1, "content_type": 9, "object_id": "40", "object_repr": "ATX-JEANS", "action_flag": 3, "change_message": ""}}, {"model": "admin.logentry", "pk": 54, "fields": {"action_time": "2022-12-04T14:11:30.373Z", "user": 1, "content_type": 9, "object_id": "39", "object_repr": "ATX-JEANS", "action_flag": 3, "change_message": ""}}, {"model": "admin.logentry", "pk": 55, "fields": {"action_time": "2022-12-04T14:11:30.378Z", "user": 1, "content_type": 9, "object_id": "38", "object_repr": "ATX-JEANS", "action_flag": 3, "change_message": ""}}, {"model": "admin.logentry", "pk": 56, "fields": {"action_time": "2022-12-04T14:11:30.384Z", "user": 1, "content_type": 9, "object_id": "37", "object_repr": "ATX-JEANS", "action_flag": 3, "change_message": ""}}, {"model": "admin.logentry", "pk": 57, "fields": {"action_time": "2022-12-04T14:11:30.388Z", "user": 1, "content_type": 9, "object_id": "36", "object_repr": "ATX-JEANS", "action_flag": 3, "change_message": ""}}, {"model": "admin.logentry", "pk": 58, "fields": {"action_time": "2022-12-04T14:12:39.265Z", "user": 1, "content_type": 9, "object_id": "41", "object_repr": "ATX-JEANS", "action_flag": 3, "change_message": ""}}, {"model": "admin.logentry", "pk": 59, "fields": {"action_time": "2022-12-04T14:26:42.067Z", "user": 1, "content_type": 9, "object_id": "44", "object_repr": "ATX-JEANS", "action_flag": 3, "change_message": ""}}, {"model": "admin.logentry", "pk": 60, "fields": {"action_time": "2022-12-04T14:26:42.082Z", "user": 1, "content_type": 9, "object_id": "43", "object_repr": "ATX-JEANS", "action_flag": 3, "change_message": ""}}, {"model": "admin.logentry", "pk": 61, "fields": {"action_time": "2022-12-04T14:26:42.085Z", "user": 1, "content_type": 9, "object_id": "42", "object_repr": "ATX-JEANS", "action_flag": 3, "change_message": ""}}, {"model": "admin.logentry", "pk": 62, "fields": {"action_time": "2022-12-04T17:09:57.560Z", "user": 1, "content_type": 9, "object_id": "47", "object_repr": "ATX-JEANS", "action_flag": 3, "change_message": ""}}, {"model": "admin.logentry", "pk": 63, "fields": {"action_time": "2022-12-04T17:09:57.569Z", "user": 1, "content_type": 9, "object_id": "46", "object_repr": "ATX-JEANS", "action_flag": 3, "change_message": ""}}, {"model": "admin.logentry", "pk": 64, "fields": {"action_time": "2022-12-04T17:09:57.572Z", "user": 1, "content_type": 9, "object_id": "45", "object_repr": "ATX-JEANS", "action_flag": 3, "change_message": ""}}, {"model": "admin.logentry", "pk": 65, "fields": {"action_time": "2022-12-04T17:14:02.159Z", "user": 1, "content_type": 9, "object_id": "50", "object_repr": "PUMA SHOES", "action_flag": 3, "change_message": ""}}, {"model": "admin.logentry", "pk": 66, "fields": {"action_time": "2022-12-04T17:14:02.169Z", "user": 1, "content_type": 9, "object_id": "49", "object_repr": "ATX-JEANS", "action_flag": 3, "change_message": ""}}, {"model": "admin.logentry", "pk": 67, "fields": {"action_time": "2022-12-04T17:14:02.174Z", "user": 1, "content_type": 9, "object_id": "48", "object_repr": "ATX-JEANS", "action_flag": 3, "change_message": ""}}, {"model": "admin.logentry", "pk": 68, "fields": {"action_time": "2022-12-04T17:50:50.735Z", "user": 1, "content_type": 11, "object_id": "9", "object_repr": "blue", "action_flag": 1, "change_message": "[{\"added\": {}}]"}}, {"model": "admin.logentry", "pk": 69, "fields": {"action_time": "2022-12-04T17:51:06.525Z", "user": 1, "content_type": 11, "object_id": "10", "object_repr": "large", "action_flag": 1, "change_message": "[{\"added\": {}}]"}}, {"model": "admin.logentry", "pk": 70, "fields": {"action_time": "2022-12-04T17:51:51.829Z", "user": 1, "content_type": 9, "object_id": "53", "object_repr": "PUMA SHOES", "action_flag": 3, "change_message": ""}}, {"model": "admin.logentry", "pk": 71, "fields": {"action_time": "2022-12-04T17:51:51.840Z", "user": 1, "content_type": 9, "object_id": "52", "object_repr": "ATX-JEANS", "action_flag": 3, "change_message": ""}}, {"model": "admin.logentry", "pk": 72, "fields": {"action_time": "2022-12-04T17:51:51.846Z", "user": 1, "content_type": 9, "object_id": "51", "object_repr": "ATX-JEANS", "action_flag": 3, "change_message": ""}}, {"model": "admin.logentry", "pk": 73, "fields": {"action_time": "2022-12-04T17:52:26.382Z", "user": 1, "content_type": 9, "object_id": "54", "object_repr": "ATX-JEANS", "action_flag": 3, "change_message": ""}}, {"model": "admin.logentry", "pk": 74, "fields": {"action_time": "2022-12-04T17:56:36.923Z", "user": 1, "content_type": 9, "object_id": "56", "object_repr": "BLUE SHIRT", "action_flag": 3, "change_message": ""}}, {"model": "admin.logentry", "pk": 75, "fields": {"action_time": "2022-12-04T17:56:36.934Z", "user": 1, "content_type": 9, "object_id": "55", "object_repr": "ATX-JEANS", "action_flag": 3, "change_message": ""}}, {"model": "admin.logentry", "pk": 76, "fields": {"action_time": "2022-12-04T18:00:51.633Z", "user": 1, "content_type": 9, "object_id": "58", "object_repr": "BLUE SHIRT", "action_flag": 3, "change_message": ""}}, {"model": "admin.logentry", "pk": 77, "fields": {"action_time": "2022-12-04T18:00:51.646Z", "user": 1, "content_type": 9, "object_id": "57", "object_repr": "ATX-JEANS", "action_flag": 3, "change_message": ""}}, {"model": "admin.logentry", "pk": 78, "fields": {"action_time": "2022-12-04T18:03:26.785Z", "user": 1, "content_type": 9, "object_id": "59", "object_repr": "ATX-JEANS", "action_flag": 3, "change_message": ""}}, {"model": "admin.logentry", "pk": 79, "fields": {"action_time": "2022-12-04T18:03:26.801Z", "user": 1, "content_type": 9, "object_id": "60", "object_repr": "BLUE SHIRT", "action_flag": 3, "change_message": ""}}, {"model": "admin.logentry", "pk": 80, "fields": {"action_time": "2022-12-04T19:28:41.382Z", "user": 1, "content_type": 9, "object_id": "62", "object_repr": "BLUE SHIRT", "action_flag": 3, "change_message": ""}}, {"model": "admin.logentry", "pk": 81, "fields": {"action_time": "2022-12-04T19:28:41.401Z", "user": 1, "content_type": 9, "object_id": "61", "object_repr": "ATX-JEANS", "action_flag": 3, "change_message": ""}}, {"model": "admin.logentry", "pk": 82, "fields": {"action_time": "2022-12-04T19:31:07.958Z", "user": 1, "content_type": 9, "object_id": "63", "object_repr": "ATX-JEANS", "action_flag": 3, "change_message": ""}}, {"model": "admin.logentry", "pk": 83, "fields": {"action_time": "2022-12-04T19:31:07.964Z", "user": 1, "content_type": 9, "object_id": "66", "object_repr": "PUMA SHOES", "action_flag": 3, "change_message": ""}}, {"model": "admin.logentry", "pk": 84, "fields": {"action_time": "2022-12-04T19:31:07.969Z", "user": 1, "content_type": 9, "object_id": "65", "object_repr": "BLUE SHIRT", "action_flag": 3, "change_message": ""}}, {"model": "admin.logentry", "pk": 85, "fields": {"action_time": "2022-12-04T19:31:07.974Z", "user": 1, "content_type": 9, "object_id": "64", "object_repr": "ATX-JEANS", "action_flag": 3, "change_message": ""}}, {"model": "admin.logentry", "pk": 86, "fields": {"action_time": "2022-12-04T19:45:03.304Z", "user": 1, "content_type": 9, "object_id": "68", "object_repr": "ATX-JEANS", "action_flag": 3, "change_message": ""}}, {"model": "admin.logentry", "pk": 87, "fields": {"action_time": "2022-12-04T19:45:03.313Z", "user": 1, "content_type": 9, "object_id": "67", "object_repr": "ATX-JEANS", "action_flag": 3, "change_message": ""}}, {"model": "admin.logentry", "pk": 88, "fields": {"action_time": "2022-12-04T19:47:49.031Z", "user": 1, "content_type": 9, "object_id": "70", "object_repr": "ATX-JEANS", "action_flag": 3, "change_message": ""}}, {"model": "admin.logentry", "pk": 89, "fields": {"action_time": "2022-12-04T19:47:49.041Z", "user": 1, "content_type": 9, "object_id": "69", "object_repr": "ATX-JEANS", "action_flag": 3, "change_message": ""}}, {"model": "admin.logentry", "pk": 90, "fields": {"action_time": "2022-12-04T19:49:24.006Z", "user": 1, "content_type": 9, "object_id": "72", "object_repr": "ATX-JEANS", "action_flag": 3, "change_message": ""}}, {"model": "admin.logentry", "pk": 91, "fields": {"action_time": "2022-12-04T19:49:24.015Z", "user": 1, "content_type": 9, "object_id": "71", "object_repr": "ATX-JEANS", "action_flag": 3, "change_message": ""}}, {"model": "admin.logentry", "pk": 92, "fields": {"action_time": "2022-12-04T19:55:21.087Z", "user": 1, "content_type": 9, "object_id": "74", "object_repr": "ATX-JEANS", "action_flag": 3, "change_message": ""}}, {"model": "admin.logentry", "pk": 93, "fields": {"action_time": "2022-12-04T19:55:21.095Z", "user": 1, "content_type": 9, "object_id": "73", "object_repr": "ATX-JEANS", "action_flag": 3, "change_message": ""}}, {"model": "admin.logentry", "pk": 94, "fields": {"action_time": "2022-12-04T19:57:59.171Z", "user": 1, "content_type": 9, "object_id": "76", "object_repr": "ATX-JEANS", "action_flag": 3, "change_message": ""}}, {"model": "admin.logentry", "pk": 95, "fields": {"action_time": "2022-12-04T19:57:59.189Z", "user": 1, "content_type": 9, "object_id": "75", "object_repr": "ATX-JEANS", "action_flag": 3, "change_message": ""}}, {"model": "admin.logentry", "pk": 96, "fields": {"action_time": "2022-12-04T20:53:02.592Z", "user": 1, "content_type": 9, "object_id": "81", "object_repr": "PUMA SHOES", "action_flag": 3, "change_message": ""}}, {"model": "admin.logentry", "pk": 97, "fields": {"action_time": "2022-12-04T20:53:02.602Z", "user": 1, "content_type": 9, "object_id": "77", "object_repr": "ATX-JEANS", "action_flag": 3, "change_message": ""}}, {"model": "admin.logentry", "pk": 98, "fields": {"action_time": "2022-12-05T08:37:21.392Z", "user": 1, "content_type": 12, "object_id": "2", "object_repr": "raghav", "action_flag": 3, "change_message": ""}}, {"model": "admin.logentry", "pk": 99, "fields": {"action_time": "2022-12-05T08:37:21.408Z", "user": 1, "content_type": 12, "object_id": "1", "object_repr": "raghav", "action_flag": 3, "change_message": ""}}, {"model": "admin.logentry", "pk": 100, "fields": {"action_time": "2022-12-10T13:29:33.698Z", "user": 1, "content_type": 12, "object_id": "4", "object_repr": "raghav", "action_flag": 3, "change_message": ""}}, {"model": "admin.logentry", "pk": 101, "fields": {"action_time": "2022-12-10T13:29:33.718Z", "user": 1, "content_type": 12, "object_id": "3", "object_repr": "raghav", "action_flag": 3, "change_message": ""}}, {"model": "admin.logentry", "pk": 102, "fields": {"action_time": "2022-12-10T13:32:38.311Z", "user": 1, "content_type": 12, "object_id": "5", "object_repr": "raghav", "action_flag": 3, "change_message": ""}}, {"model": "admin.logentry", "pk": 103, "fields": {"action_time": "2022-12-10T20:11:54.530Z", "user": 1, "content_type": 12, "object_id": "11", "object_repr": "raghav", "action_flag": 3, "change_message": ""}}, {"model": "admin.logentry", "pk": 104, "fields": {"action_time": "2022-12-10T20:11:54.541Z", "user": 1, "content_type": 12, "object_id": "10", "object_repr": "raghav", "action_flag": 3, "change_message": ""}}, {"model": "admin.logentry", "pk": 105, "fields": {"action_time": "2022-12-10T20:11:54.546Z", "user": 1, "content_type": 12, "object_id": "9", "object_repr": "raghav", "action_flag": 3, "change_message": ""}}, {"model": "admin.logentry", "pk": 106, "fields": {"action_time": "2022-12-10T20:11:54.551Z", "user": 1, "content_type": 12, "object_id": "8", "object_repr": "raghav", "action_flag": 3, "change_message": ""}}, {"model": "admin.logentry", "pk": 107, "fields": {"action_time": "2022-12-10T20:11:54.556Z", "user": 1, "content_type": 12, "object_id": "7", "object_repr": "raghav", "action_flag": 3, "change_message": ""}}, {"model": "admin.logentry", "pk": 108, "fields": {"action_time": "2022-12-10T20:11:54.559Z", "user": 1, "content_type": 12, "object_id": "6", "object_repr": "raghav", "action_flag": 3, "change_message": ""}}, {"model": "admin.logentry", "pk": 109, "fields": {"action_time": "2022-12-10T20:33:35.841Z", "user": 1, "content_type": 12, "object_id": "12", "object_repr": "raghav", "action_flag": 3, "change_message": ""}}, {"model": "admin.logentry", "pk": 110, "fields": {"action_time": "2022-12-11T13:42:03.352Z", "user": 1, "content_type": 19, "object_id": "1", "object_repr": "demo google", "action_flag": 1, "change_message": "[{\"added\": {}}]"}}, {"model": "admin.logentry", "pk": 111, "fields": {"action_time": "2022-12-11T13:42:29.785Z", "user": 1, "content_type": 15, "object_id": "1", "object_repr": "DigiCom", "action_flag": 2, "change_message": "[{\"changed\": {\"fields\": [\"Domain name\", \"Display name\"]}}]"}}, {"model": "admin.logentry", "pk": 112, "fields": {"action_time": "2022-12-11T13:45:14.095Z", "user": 1, "content_type": 15, "object_id": "1", "object_repr": "http://127.0.0.1:8000", "action_flag": 2, "change_message": "[{\"changed\": {\"fields\": [\"Domain name\"]}}]"}}, {"model": "admin.logentry", "pk": 113, "fields": {"action_time": "2022-12-11T14:00:41.928Z", "user": 1, "content_type": 7, "object_id": "15", "object_repr": "", "action_flag": 3, "change_message": ""}}, {"model": "admin.logentry", "pk": 114, "fields": {"action_time": "2022-12-11T14:03:35.189Z", "user": 1, "content_type": 7, "object_id": "16", "object_repr": "shradharastogi13@gmail.com", "action_flag": 3, "change_message": ""}}, {"model": "admin.logentry", "pk": 115, "fields": {"action_time": "2022-12-11T14:05:32.904Z", "user": 1, "content_type": 7, "object_id": "17", "object_repr": "shradharastogi13@gmail.com", "action_flag": 3, "change_message": ""}}, {"model": "admin.logentry", "pk": 116, "fields": {"action_time": "2022-12-11T14:09:01.892Z", "user": 1, "content_type": 7, "object_id": "18", "object_repr": "shradharastogi13@gmail.com", "action_flag": 2, "change_message": "[{\"changed\": {\"fields\": [\"Is active\"]}}]"}}, {"model": "admin.logentry", "pk": 117, "fields": {"action_time": "2022-12-11T14:24:07.509Z", "user": 1, "content_type": 7, "object_id": "18", "object_repr": "shradharastogi13@gmail.com", "action_flag": 3, "change_message": ""}}, {"model": "admin.logentry", "pk": 118, "fields": {"action_time": "2022-12-11T14:25:21.945Z", "user": 1, "content_type": 7, "object_id": "19", "object_repr": "shradharastogi13@gmail.com", "action_flag": 2, "change_message": "[]"}}, {"model": "admin.logentry", "pk": 119, "fields": {"action_time": "2022-12-11T14:25:27.665Z", "user": 1, "content_type": 7, "object_id": "19", "object_repr": "shradharastogi13@gmail.com", "action_flag": 2, "change_message": "[{\"changed\": {\"fields\": [\"Is active\"]}}]"}}, {"model": "admin.logentry", "pk": 120, "fields": {"action_time": "2022-12-11T14:45:13.751Z", "user": 1, "content_type": 7, "object_id": "19", "object_repr": "shradharastogi13@gmail.com", "action_flag": 3, "change_message": ""}}, {"model": "admin.logentry", "pk": 121, "fields": {"action_time": "2022-12-11T14:47:35.450Z", "user": 1, "content_type": 7, "object_id": "20", "object_repr": "shradharastogi13@gmail.com", "action_flag": 3, "change_message": ""}}, {"model": "admin.logentry", "pk": 122, "fields": {"action_time": "2022-12-11T14:50:00.351Z", "user": 1, "content_type": 7, "object_id": "21", "object_repr": "shradharastogi13@gmail.com", "action_flag": 3, "change_message": ""}}, {"model": "admin.logentry", "pk": 123, "fields": {"action_time": "2022-12-11T19:19:22.544Z", "user": 1, "content_type": 7, "object_id": "22", "object_repr": "shradharastogi13@gmail.com", "action_flag": 3, "change_message": ""}}, {"model": "admin.logentry", "pk": 124, "fields": {"action_time": "2022-12-11T19:25:06.233Z", "user": 1, "content_type": 7, "object_id": "23", "object_repr": "shradharastogi13@gmail.com", "action_flag": 3, "change_message": ""}}, {"model": "admin.logentry", "pk": 125, "fields": {"action_time": "2022-12-11T19:26:42.980Z", "user": 1, "content_type": 7, "object_id": "24", "object_repr": "shradharastogi13@gmail.com", "action_flag": 3, "change_message": ""}}, {"model": "admin.logentry", "pk": 126, "fields": {"action_time": "2022-12-11T19:34:01.083Z", "user": 1, "content_type": 7, "object_id": "25", "object_repr": "shradharastogi13@gmail.com", "action_flag": 3, "change_message": ""}}, {"model": "admin.logentry", "pk": 127, "fields": {"action_time": "2022-12-11T20:32:42.723Z", "user": 1, "content_type": 7, "object_id": "26", "object_repr": "shradharastogi13@gmail.com", "action_flag": 3, "change_message": ""}}, {"model": "admin.logentry", "pk": 128, "fields": {"action_time": "2022-12-11T20:34:39.265Z", "user": 1, "content_type": 7, "object_id": "27", "object_repr": "shradharastogi13@gmail.com", "action_flag": 3, "change_message": ""}}, {"model": "admin.logentry", "pk": 129, "fields": {"action_time": "2022-12-11T20:37:34.106Z", "user": 1, "content_type": 7, "object_id": "28", "object_repr": "shradharastogi13@gmail.com", "action_flag": 3, "change_message": ""}}, {"model": "admin.logentry", "pk": 130, "fields": {"action_time": "2022-12-11T20:39:20.173Z", "user": 1, "content_type": 7, "object_id": "29", "object_repr": "shradharastogi13@gmail.com", "action_flag": 3, "change_message": ""}}, {"model": "admin.logentry", "pk": 131, "fields": {"action_time": "2022-12-11T20:54:47.350Z", "user": 1, "content_type": 7, "object_id": "30", "object_repr": "shradharastogi13@gmail.com", "action_flag": 3, "change_message": ""}}, {"model": "admin.logentry", "pk": 132, "fields": {"action_time": "2022-12-11T21:12:19.960Z", "user": 1, "content_type": 7, "object_id": "31", "object_repr": "shradharastogi13@gmail.com", "action_flag": 3, "change_message": ""}}, {"model": "admin.logentry", "pk": 133, "fields": {"action_time": "2022-12-11T21:20:19.213Z", "user": 1, "content_type": 7, "object_id": "32", "object_repr": "shradharastogi13@gmail.com", "action_flag": 3, "change_message": ""}}, {"model": "admin.logentry", "pk": 134, "fields": {"action_time": "2022-12-11T21:21:52.653Z", "user": 1, "content_type": 7, "object_id": "33", "object_repr": "shradharastogi13@gmail.com", "action_flag": 3, "change_message": ""}}, {"model": "admin.logentry", "pk": 135, "fields": {"action_time": "2022-12-11T21:23:46.117Z", "user": 1, "content_type": 7, "object_id": "34", "object_repr": "shradharastogi13@gmail.com", "action_flag": 3, "change_message": ""}}, {"model": "admin.logentry", "pk": 136, "fields": {"action_time": "2022-12-11T21:39:27.241Z", "user": 1, "content_type": 7, "object_id": "35", "object_repr": "shradharastogi13@gmail.com", "action_flag": 3, "change_message": ""}}, {"model": "admin.logentry", "pk": 137, "fields": {"action_time": "2022-12-11T21:47:58.217Z", "user": 1, "content_type": 7, "object_id": "36", "object_repr": "shradharastogi13@gmail.com", "action_flag": 3, "change_message": ""}}, {"model": "admin.logentry", "pk": 138, "fields": {"action_time": "2022-12-11T21:54:37.154Z", "user": 1, "content_type": 7, "object_id": "37", "object_repr": "shradharastogi13@gmail.com", "action_flag": 3, "change_message": ""}}, {"model": "admin.logentry", "pk": 139, "fields": {"action_time": "2022-12-11T22:04:41.265Z", "user": 1, "content_type": 7, "object_id": "39", "object_repr": "wanderlust.we.009+001@gmail.com", "action_flag": 3, "change_message": ""}}, {"model": "admin.logentry", "pk": 140, "fields": {"action_time": "2022-12-11T22:04:41.273Z", "user": 1, "content_type": 7, "object_id": "38", "object_repr": "shradharastogi13@gmail.com", "action_flag": 3, "change_message": ""}}, {"model": "admin.logentry", "pk": 141, "fields": {"action_time": "2022-12-11T22:08:40.142Z", "user": 1, "content_type": 7, "object_id": "40", "object_repr": "shradharastogi13@gmail.com", "action_flag": 3, "change_message": ""}}, {"model": "admin.logentry", "pk": 142, "fields": {"action_time": "2022-12-11T22:13:07.543Z", "user": 1, "content_type": 7, "object_id": "41", "object_repr": "shradharastogi13@gmail.com", "action_flag": 3, "change_message": ""}}, {"model": "admin.logentry", "pk": 143, "fields": {"action_time": "2022-12-16T18:48:40.948Z", "user": 1, "content_type": 6, "object_id": "8", "object_repr": "Sarees", "action_flag": 3, "change_message": ""}}, {"model": "admin.logentry", "pk": 144, "fields": {"action_time": "2022-12-16T20:20:35.284Z", "user": 1, "content_type": 8, "object_id": "8", "object_repr": "Polyester Checks Casual Shirts", "action_flag": 3, "change_message": ""}}, {"model": "admin.logentry", "pk": 145, "fields": {"action_time": "2022-12-16T20:33:06.235Z", "user": 1, "content_type": 11, "object_id": "11", "object_repr": "nan", "action_flag": 3, "change_message": ""}}, {"model": "admin.logentry", "pk": 146, "fields": {"action_time": "2022-12-16T20:34:11.889Z", "user": 1, "content_type": 8, "object_id": "9", "object_repr": "Polyester Checks Casual Shirts", "action_flag": 3, "change_message": ""}}, {"model": "admin.logentry", "pk": 147, "fields": {"action_time": "2022-12-16T20:47:06.209Z", "user": 1, "content_type": 8, "object_id": "10", "object_repr": "Polyester Checks Casual Shirts", "action_flag": 3, "change_message": ""}}, {"model": "admin.logentry", "pk": 148, "fields": {"action_time": "2022-12-16T20:48:16.963Z", "user": 1, "content_type": 8, "object_id": "11", "object_repr": "Polyester Checks Casual Shirts", "action_flag": 3, "change_message": ""}}, {"model": "admin.logentry", "pk": 149, "fields": {"action_time": "2022-12-16T20:51:06.014Z", "user": 1, "content_type": 8, "object_id": "12", "object_repr": "Polyester Checks Casual Shirts", "action_flag": 3, "change_message": ""}}, {"model": "admin.logentry", "pk": 150, "fields": {"action_time": "2022-12-16T21:13:34.522Z", "user": 1, "content_type": 8, "object_id": "146", "object_repr": "Pack of 2 Crew-Neck T-shirts", "action_flag": 3, "change_message": ""}}, {"model": "admin.logentry", "pk": 151, "fields": {"action_time": "2022-12-16T21:13:34.535Z", "user": 1, "content_type": 8, "object_id": "145", "object_repr": "Dani Printed Regular Saree", "action_flag": 3, "change_message": ""}}, {"model": "admin.logentry", "pk": 152, "fields": {"action_time": "2022-12-16T21:13:34.538Z", "user": 1, "content_type": 8, "object_id": "144", "object_repr": "Banarasi Printed  Dupatta", "action_flag": 3, "change_message": ""}}, {"model": "admin.logentry", "pk": 153, "fields": {"action_time": "2022-12-16T21:13:34.540Z", "user": 1, "content_type": 8, "object_id": "143", "object_repr": "VPR Maya9 blue Fabric Casual Wear Flat Sandal (Blue, 5 Uk (38 Eu), 6 Uk (39 Eu), 7 Uk (40 Eu), 8 Uk (41 Eu) Set Of 6, VPR_MAYA9_BL", "action_flag": 3, "change_message": ""}}, {"model": "admin.logentry", "pk": 154, "fields": {"action_time": "2022-12-16T21:13:34.543Z", "user": 1, "content_type": 8, "object_id": "142", "object_repr": "Printed Sleeveless Tunic with Waist Tie-Up", "action_flag": 3, "change_message": ""}}, {"model": "admin.logentry", "pk": 155, "fields": {"action_time": "2022-12-16T21:13:34.545Z", "user": 1, "content_type": 8, "object_id": "141", "object_repr": "Shirt with Tie-Up Hem", "action_flag": 3, "change_message": ""}}, {"model": "admin.logentry", "pk": 156, "fields": {"action_time": "2022-12-16T21:13:34.548Z", "user": 1, "content_type": 8, "object_id": "139", "object_repr": "Coolers by Liberty Brown Slippers COOL99-81 For :- Mens", "action_flag": 3, "change_message": ""}}, {"model": "admin.logentry", "pk": 157, "fields": {"action_time": "2022-12-16T21:13:34.550Z", "user": 1, "content_type": 8, "object_id": "138", "object_repr": "Cotton Checks Casual Shirts", "action_flag": 3, "change_message": ""}}, {"model": "admin.logentry", "pk": 158, "fields": {"action_time": "2022-12-16T21:13:34.553Z", "user": 1, "content_type": 8, "object_id": "137", "object_repr": "Lace-Up Casual Shoes with Contrast Panels", "action_flag": 3, "change_message": ""}}, {"model": "admin.logentry", "pk": 159, "fields": {"action_time": "2022-12-16T21:13:34.556Z", "user": 1, "content_type": 8, "object_id": "136", "object_repr": "Danish Silk Saree Satin Silk Woven Banarasi Saree (Rekha)", "action_flag": 3, "change_message": ""}}, {"model": "admin.logentry", "pk": 160, "fields": {"action_time": "2022-12-16T21:13:34.558Z", "user": 1, "content_type": 8, "object_id": "135", "object_repr": "Polyester Solid Top", "action_flag": 3, "change_message": ""}}, {"model": "admin.logentry", "pk": 161, "fields": {"action_time": "2022-12-16T21:13:34.561Z", "user": 1, "content_type": 8, "object_id": "134", "object_repr": "Ankle-Length Flared Jeans", "action_flag": 3, "change_message": ""}}, {"model": "admin.logentry", "pk": 162, "fields": {"action_time": "2022-12-16T21:13:34.564Z", "user": 1, "content_type": 8, "object_id": "133", "object_repr": "V.B. SONS Cotton Plain / Solid Straight Kurta Set for Women Set Of 4, VB-090", "action_flag": 3, "change_message": ""}}, {"model": "admin.logentry", "pk": 163, "fields": {"action_time": "2022-12-16T21:13:34.566Z", "user": 1, "content_type": 8, "object_id": "132", "object_repr": "Border Saree with Blouse Piece", "action_flag": 3, "change_message": ""}}, {"model": "admin.logentry", "pk": 164, "fields": {"action_time": "2022-12-16T21:13:34.569Z", "user": 1, "content_type": 8, "object_id": "131", "object_repr": "Cotton All over print Regular Saree", "action_flag": 3, "change_message": ""}}, {"model": "admin.logentry", "pk": 165, "fields": {"action_time": "2022-12-16T21:13:34.571Z", "user": 1, "content_type": 8, "object_id": "130", "object_repr": "Slim Fit Track Pants with Drawstring Waist", "action_flag": 3, "change_message": ""}}, {"model": "admin.logentry", "pk": 166, "fields": {"action_time": "2022-12-16T21:13:34.574Z", "user": 1, "content_type": 8, "object_id": "129", "object_repr": "Cotton Stretch Joggers", "action_flag": 3, "change_message": ""}}, {"model": "admin.logentry", "pk": 167, "fields": {"action_time": "2022-12-16T21:13:34.576Z", "user": 1, "content_type": 8, "object_id": "128", "object_repr": "Chevron Knit Slim Fit V-neck Cardigan", "action_flag": 3, "change_message": ""}}, {"model": "admin.logentry", "pk": 168, "fields": {"action_time": "2022-12-16T21:13:34.579Z", "user": 1, "content_type": 8, "object_id": "127", "object_repr": "Banarasi Embellished Dupatta", "action_flag": 3, "change_message": ""}}, {"model": "admin.logentry", "pk": 169, "fields": {"action_time": "2022-12-16T21:13:34.581Z", "user": 1, "content_type": 8, "object_id": "125", "object_repr": "PC Stretch Non Wired Sports Bra", "action_flag": 3, "change_message": ""}}, {"model": "admin.logentry", "pk": 170, "fields": {"action_time": "2022-12-16T21:13:34.584Z", "user": 1, "content_type": 8, "object_id": "124", "object_repr": "V-neck T-shirt with Logo Print", "action_flag": 3, "change_message": ""}}, {"model": "admin.logentry", "pk": 171, "fields": {"action_time": "2022-12-16T21:13:34.587Z", "user": 1, "content_type": 8, "object_id": "123", "object_repr": "Chiffon Digital Print Regular Saree", "action_flag": 3, "change_message": ""}}, {"model": "admin.logentry", "pk": 172, "fields": {"action_time": "2022-12-16T21:13:34.589Z", "user": 1, "content_type": 8, "object_id": "122", "object_repr": "Sequin Embellished Dungarees", "action_flag": 3, "change_message": ""}}, {"model": "admin.logentry", "pk": 173, "fields": {"action_time": "2022-12-16T21:13:34.592Z", "user": 1, "content_type": 8, "object_id": "121", "object_repr": "Printed Crew-Neck T-shirt with Tie-Up", "action_flag": 3, "change_message": ""}}, {"model": "admin.logentry", "pk": 174, "fields": {"action_time": "2022-12-16T21:13:34.594Z", "user": 1, "content_type": 8, "object_id": "120", "object_repr": "Sachin GS 1002 BROWN Niwar Casual Wear (Saddle Brown, Saddle Brown, Saddle Brown, 6 UK (40 EU), 7 UK (41 EU), 8 UK (42 EU), 9 UK (43 EU), 10 UK (44 EU)", "action_flag": 3, "change_message": ""}}, {"model": "admin.logentry", "pk": 175, "fields": {"action_time": "2022-12-16T21:13:34.596Z", "user": 1, "content_type": 8, "object_id": "119", "object_repr": "Textured Zip-Front Sweatshirt", "action_flag": 3, "change_message": ""}}, {"model": "admin.logentry", "pk": 176, "fields": {"action_time": "2022-12-16T21:13:34.599Z", "user": 1, "content_type": 8, "object_id": "118", "object_repr": "Banarasi Traditional Saree with Tassels", "action_flag": 3, "change_message": ""}}, {"model": "admin.logentry", "pk": 177, "fields": {"action_time": "2022-12-16T21:13:34.601Z", "user": 1, "content_type": 8, "object_id": "116", "object_repr": "Cotton Embroidered Flared Kurta", "action_flag": 3, "change_message": ""}}, {"model": "admin.logentry", "pk": 178, "fields": {"action_time": "2022-12-16T21:13:34.604Z", "user": 1, "content_type": 8, "object_id": "115", "object_repr": "Muslin Printed Ethnic Pants SuitSet", "action_flag": 3, "change_message": ""}}, {"model": "admin.logentry", "pk": 179, "fields": {"action_time": "2022-12-16T21:13:34.606Z", "user": 1, "content_type": 8, "object_id": "114", "object_repr": "Slim Fit Mid-Wash Jeans", "action_flag": 3, "change_message": ""}}, {"model": "admin.logentry", "pk": 180, "fields": {"action_time": "2022-12-16T21:13:34.608Z", "user": 1, "content_type": 8, "object_id": "113", "object_repr": "Pack of 2 Floral Hot Pants", "action_flag": 3, "change_message": ""}}, {"model": "admin.logentry", "pk": 181, "fields": {"action_time": "2022-12-16T21:13:34.611Z", "user": 1, "content_type": 8, "object_id": "111", "object_repr": "Rayon Embroidered Front Slit kurta", "action_flag": 3, "change_message": ""}}, {"model": "admin.logentry", "pk": 182, "fields": {"action_time": "2022-12-16T21:13:34.613Z", "user": 1, "content_type": 8, "object_id": "110", "object_repr": "Campus Shoes:-22G-128_CAMP JASPER_OFF WHT/BLK", "action_flag": 3, "change_message": ""}}, {"model": "admin.logentry", "pk": 183, "fields": {"action_time": "2022-12-16T21:13:34.615Z", "user": 1, "content_type": 8, "object_id": "108", "object_repr": "Dark Thread Heavy Laffer Twill Casual Wear Big Checks Shirt for Men Set Of 12, 6205", "action_flag": 3, "change_message": ""}}, {"model": "admin.logentry", "pk": 184, "fields": {"action_time": "2022-12-16T21:13:34.618Z", "user": 1, "content_type": 8, "object_id": "106", "object_repr": "Goo On Cotton Round Neck Printed T-Shirt for Men", "action_flag": 3, "change_message": ""}}, {"model": "admin.logentry", "pk": 185, "fields": {"action_time": "2022-12-16T21:13:34.621Z", "user": 1, "content_type": 8, "object_id": "105", "object_repr": "Cotton Stretch Solid Shrugs", "action_flag": 3, "change_message": ""}}, {"model": "admin.logentry", "pk": 186, "fields": {"action_time": "2022-12-16T21:13:34.623Z", "user": 1, "content_type": 8, "object_id": "104", "object_repr": "B.Sam Rayon Stone Work Straight Kurta Set for Women Set Of 3", "action_flag": 3, "change_message": ""}}, {"model": "admin.logentry", "pk": 187, "fields": {"action_time": "2022-12-16T21:13:34.626Z", "user": 1, "content_type": 8, "object_id": "102", "object_repr": "Printed Saree with Blouse Piece", "action_flag": 3, "change_message": ""}}, {"model": "admin.logentry", "pk": 188, "fields": {"action_time": "2022-12-16T21:13:34.628Z", "user": 1, "content_type": 8, "object_id": "101", "object_repr": "Reebok Reebok Speedstar run Synthetic Casual Wear Running Shoes (Grey, 9 US (42 EU)", "action_flag": 3, "change_message": ""}}, {"model": "admin.logentry", "pk": 189, "fields": {"action_time": "2022-12-16T21:13:34.632Z", "user": 1, "content_type": 8, "object_id": "100", "object_repr": "Rayon Printed A-line Kurta", "action_flag": 3, "change_message": ""}}, {"model": "admin.logentry", "pk": 190, "fields": {"action_time": "2022-12-16T21:13:34.635Z", "user": 1, "content_type": 8, "object_id": "99", "object_repr": "Code 16 Faded / Washed Jeans Medium Washed Narrow Fit Knitted Denim Stretchable Full Length 916 Ice Blue 30-32-34-36", "action_flag": 3, "change_message": ""}}, {"model": "admin.logentry", "pk": 191, "fields": {"action_time": "2022-12-16T21:13:34.638Z", "user": 1, "content_type": 8, "object_id": "98", "object_repr": "Dungaree with Patch Pocket", "action_flag": 3, "change_message": ""}}, {"model": "admin.logentry", "pk": 192, "fields": {"action_time": "2022-12-16T21:13:34.641Z", "user": 1, "content_type": 8, "object_id": "97", "object_repr": "Floral Print Tunic with Mandarin Collar", "action_flag": 3, "change_message": ""}}, {"model": "admin.logentry", "pk": 193, "fields": {"action_time": "2022-12-16T21:13:34.643Z", "user": 1, "content_type": 8, "object_id": "96", "object_repr": "Abstract Full Sleeve Shirt", "action_flag": 3, "change_message": ""}}, {"model": "admin.logentry", "pk": 194, "fields": {"action_time": "2022-12-16T21:13:34.646Z", "user": 1, "content_type": 8, "object_id": "94", "object_repr": "Floral Print Straight Kurta with Palazzos & Dupatta", "action_flag": 3, "change_message": ""}}, {"model": "admin.logentry", "pk": 195, "fields": {"action_time": "2022-12-16T21:13:34.648Z", "user": 1, "content_type": 8, "object_id": "93", "object_repr": "Cotton Typographic Crew-Neck T-shirt", "action_flag": 3, "change_message": ""}}, {"model": "admin.logentry", "pk": 196, "fields": {"action_time": "2022-12-16T21:13:34.651Z", "user": 1, "content_type": 8, "object_id": "91", "object_repr": "Lightly Washed Ankle-Length Skinny Jeans", "action_flag": 3, "change_message": ""}}, {"model": "admin.logentry", "pk": 197, "fields": {"action_time": "2022-12-16T21:13:34.653Z", "user": 1, "content_type": 8, "object_id": "90", "object_repr": "Cotton Printed Sweatshirt", "action_flag": 3, "change_message": ""}}, {"model": "admin.logentry", "pk": 198, "fields": {"action_time": "2022-12-16T21:13:34.656Z", "user": 1, "content_type": 8, "object_id": "89", "object_repr": "Supremlite NT-2003(6x10) Pvc Home Wear (Navy, Navy, Navy, 6 UK (40 EU), 7 UK (41 EU), 8 UK (42 EU), 9 UK (43 EU), 10 UK (44 EU)", "action_flag": 3, "change_message": ""}}, {"model": "admin.logentry", "pk": 199, "fields": {"action_time": "2022-12-16T21:13:34.658Z", "user": 1, "content_type": 8, "object_id": "88", "object_repr": "Cotton All over print Unstitched Dress Material", "action_flag": 3, "change_message": ""}}, {"model": "admin.logentry", "pk": 200, "fields": {"action_time": "2022-12-16T21:13:34.661Z", "user": 1, "content_type": 8, "object_id": "87", "object_repr": "Georgette Printed Regular Saree", "action_flag": 3, "change_message": ""}}, {"model": "admin.logentry", "pk": 201, "fields": {"action_time": "2022-12-16T21:13:34.663Z", "user": 1, "content_type": 8, "object_id": "86", "object_repr": "Blended Long Nighti", "action_flag": 3, "change_message": ""}}, {"model": "admin.logentry", "pk": 202, "fields": {"action_time": "2022-12-16T21:13:34.666Z", "user": 1, "content_type": 8, "object_id": "85", "object_repr": "Crepe Solid Fit and Flare Dress", "action_flag": 3, "change_message": ""}}, {"model": "admin.logentry", "pk": 203, "fields": {"action_time": "2022-12-16T21:13:34.668Z", "user": 1, "content_type": 8, "object_id": "84", "object_repr": "Cotton Checks Shirt", "action_flag": 3, "change_message": ""}}, {"model": "admin.logentry", "pk": 204, "fields": {"action_time": "2022-12-16T21:13:34.671Z", "user": 1, "content_type": 8, "object_id": "83", "object_repr": "Rayon Printed  SuitSet", "action_flag": 3, "change_message": ""}}, {"model": "admin.logentry", "pk": 205, "fields": {"action_time": "2022-12-16T21:13:34.674Z", "user": 1, "content_type": 8, "object_id": "82", "object_repr": "Rayon Printed palazzo SuitSet", "action_flag": 3, "change_message": ""}}, {"model": "admin.logentry", "pk": 206, "fields": {"action_time": "2022-12-16T21:13:34.676Z", "user": 1, "content_type": 8, "object_id": "81", "object_repr": "Cotton Solid Leggings", "action_flag": 3, "change_message": ""}}, {"model": "admin.logentry", "pk": 207, "fields": {"action_time": "2022-12-16T21:13:34.678Z", "user": 1, "content_type": 8, "object_id": "80", "object_repr": "Rich Skin Blended Georgette Floral Print Printed Saree (SRIDEVI) Set Of 4", "action_flag": 3, "change_message": ""}}, {"model": "admin.logentry", "pk": 208, "fields": {"action_time": "2022-12-16T21:13:34.680Z", "user": 1, "content_type": 8, "object_id": "79", "object_repr": "Cotton Embroidered Palazzo  SuitSet", "action_flag": 3, "change_message": ""}}, {"model": "admin.logentry", "pk": 209, "fields": {"action_time": "2022-12-16T21:13:34.683Z", "user": 1, "content_type": 8, "object_id": "78", "object_repr": "Rayon Printed Straight Kurta", "action_flag": 3, "change_message": ""}}, {"model": "admin.logentry", "pk": 210, "fields": {"action_time": "2022-12-16T21:13:34.685Z", "user": 1, "content_type": 8, "object_id": "77", "object_repr": "Froh Feet 2178-RBT-12P Synthetic Formal Wear (Multi Color, 3 Uk (36 Eu), 4 Uk (37 Eu), 5 Uk (38 Eu), 6 Uk (39 Eu), 7 Uk (40 Eu), 8 Uk (41 Eu) Set Of 12, 2178-RBT-12P", "action_flag": 3, "change_message": ""}}, {"model": "admin.logentry", "pk": 211, "fields": {"action_time": "2022-12-16T21:13:34.691Z", "user": 1, "content_type": 8, "object_id": "76", "object_repr": "Do Bhai Snd200 Premium Synthetic Smart Casual Soft Foam Sandal (Gray, 3 Uk (36 Eu), 4 Uk (37 Eu), 5 Uk (38 Eu), 6 Uk (39 Eu), 7 Uk (40 Eu), 8 Uk (41 Eu) Set Of 6, Snd200", "action_flag": 3, "change_message": ""}}, {"model": "admin.logentry", "pk": 212, "fields": {"action_time": "2022-12-16T21:13:34.693Z", "user": 1, "content_type": 8, "object_id": "75", "object_repr": "Beautiful Georgette saree with Zari border", "action_flag": 3, "change_message": ""}}, {"model": "admin.logentry", "pk": 213, "fields": {"action_time": "2022-12-16T21:13:34.696Z", "user": 1, "content_type": 8, "object_id": "74", "object_repr": "Viscose Printed Tunic", "action_flag": 3, "change_message": ""}}, {"model": "admin.logentry", "pk": 214, "fields": {"action_time": "2022-12-16T21:13:34.698Z", "user": 1, "content_type": 8, "object_id": "73", "object_repr": "Cotton Embroidered Straight Kurta", "action_flag": 3, "change_message": ""}}, {"model": "admin.logentry", "pk": 215, "fields": {"action_time": "2022-12-16T21:13:34.700Z", "user": 1, "content_type": 8, "object_id": "72", "object_repr": "Cotton Floral Pyjamas Set", "action_flag": 3, "change_message": ""}}, {"model": "admin.logentry", "pk": 216, "fields": {"action_time": "2022-12-16T21:13:34.704Z", "user": 1, "content_type": 8, "object_id": "71", "object_repr": "Silk Embroidered Regular Saree", "action_flag": 3, "change_message": ""}}, {"model": "admin.logentry", "pk": 217, "fields": {"action_time": "2022-12-16T21:13:34.706Z", "user": 1, "content_type": 8, "object_id": "70", "object_repr": "Campus Shoes:-GC-1020B_GC-1020B_BLK/RED", "action_flag": 3, "change_message": ""}}, {"model": "admin.logentry", "pk": 218, "fields": {"action_time": "2022-12-16T21:13:34.708Z", "user": 1, "content_type": 8, "object_id": "69", "object_repr": "BUY NOW", "action_flag": 3, "change_message": ""}}, {"model": "admin.logentry", "pk": 219, "fields": {"action_time": "2022-12-16T21:13:34.711Z", "user": 1, "content_type": 8, "object_id": "68", "object_repr": "Right Steps Star Pvc Casual Wear (Blue Violet, 4 Uk (37 Eu), 5 Uk (38 Eu), 6 Uk (39 Eu), 7 Uk (40 Eu), 8 Uk (41 Eu) Set Of 5", "action_flag": 3, "change_message": ""}}, {"model": "admin.logentry", "pk": 220, "fields": {"action_time": "2022-12-16T21:13:34.713Z", "user": 1, "content_type": 8, "object_id": "67", "object_repr": "Textured V-neck Pullovers", "action_flag": 3, "change_message": ""}}, {"model": "admin.logentry", "pk": 221, "fields": {"action_time": "2022-12-16T21:13:34.716Z", "user": 1, "content_type": 8, "object_id": "66", "object_repr": "Cotton Printed Patiala SuitSet", "action_flag": 3, "change_message": ""}}, {"model": "admin.logentry", "pk": 222, "fields": {"action_time": "2022-12-16T21:13:34.718Z", "user": 1, "content_type": 8, "object_id": "65", "object_repr": "Solid Shoulder Bag", "action_flag": 3, "change_message": ""}}, {"model": "admin.logentry", "pk": 223, "fields": {"action_time": "2022-12-16T21:13:34.720Z", "user": 1, "content_type": 8, "object_id": "64", "object_repr": "GSOON Imported Four Way Lycra Pintuck Trackpant for Men Set Of 4, Pintuck double ", "action_flag": 3, "change_message": ""}}, {"model": "admin.logentry", "pk": 224, "fields": {"action_time": "2022-12-16T21:13:34.723Z", "user": 1, "content_type": 8, "object_id": "63", "object_repr": "Almond-Toe Lace-Up Derby Shoes", "action_flag": 3, "change_message": ""}}, {"model": "admin.logentry", "pk": 225, "fields": {"action_time": "2022-12-16T21:13:34.725Z", "user": 1, "content_type": 8, "object_id": "62", "object_repr": "Cotton Printed Regular Fit Round Tshirts", "action_flag": 3, "change_message": ""}}, {"model": "admin.logentry", "pk": 226, "fields": {"action_time": "2022-12-16T21:13:34.727Z", "user": 1, "content_type": 8, "object_id": "61", "object_repr": "Opfoam Ofm306 blu pnk EVA Casual Wear (Blue, 5 Uk (38 Eu), 6 Uk (39 Eu), 7 Uk (40 Eu), 8 Uk (41 Eu) Set Of 6, OOFOAM_306_BLPNK", "action_flag": 3, "change_message": ""}}, {"model": "admin.logentry", "pk": 227, "fields": {"action_time": "2022-12-16T21:13:34.730Z", "user": 1, "content_type": 8, "object_id": "60", "object_repr": "Polyester Solid A-line Dress", "action_flag": 3, "change_message": ""}}, {"model": "admin.logentry", "pk": 228, "fields": {"action_time": "2022-12-16T21:13:34.732Z", "user": 1, "content_type": 8, "object_id": "59", "object_repr": "Pleated Shorts with Insert Pockets", "action_flag": 3, "change_message": ""}}, {"model": "admin.logentry", "pk": 229, "fields": {"action_time": "2022-12-16T21:13:34.735Z", "user": 1, "content_type": 8, "object_id": "58", "object_repr": "Net Embellished A-line Dress", "action_flag": 3, "change_message": ""}}, {"model": "admin.logentry", "pk": 230, "fields": {"action_time": "2022-12-16T21:13:34.738Z", "user": 1, "content_type": 8, "object_id": "57", "object_repr": "Organza Digital Print Regular Saree", "action_flag": 3, "change_message": ""}}, {"model": "admin.logentry", "pk": 231, "fields": {"action_time": "2022-12-16T21:13:34.740Z", "user": 1, "content_type": 8, "object_id": "56", "object_repr": "Zip-Front Hooded Sweatshirt with Kangaroo Pockets", "action_flag": 3, "change_message": ""}}, {"model": "admin.logentry", "pk": 232, "fields": {"action_time": "2022-12-16T21:13:34.743Z", "user": 1, "content_type": 8, "object_id": "55", "object_repr": "Textured Low-Top Lace-Up Shoes", "action_flag": 3, "change_message": ""}}, {"model": "admin.logentry", "pk": 233, "fields": {"action_time": "2022-12-16T21:13:34.746Z", "user": 1, "content_type": 8, "object_id": "54", "object_repr": "Cotton Printed Semi-stitched Dress Material", "action_flag": 3, "change_message": ""}}, {"model": "admin.logentry", "pk": 234, "fields": {"action_time": "2022-12-16T21:13:34.748Z", "user": 1, "content_type": 8, "object_id": "53", "object_repr": "Rayon Embroidered Straight Kurta", "action_flag": 3, "change_message": ""}}, {"model": "admin.logentry", "pk": 235, "fields": {"action_time": "2022-12-16T21:13:34.751Z", "user": 1, "content_type": 8, "object_id": "51", "object_repr": "Silk Solid  Women SuitSet", "action_flag": 3, "change_message": ""}}, {"model": "admin.logentry", "pk": 236, "fields": {"action_time": "2022-12-16T21:13:34.754Z", "user": 1, "content_type": 8, "object_id": "50", "object_repr": "Blended Solid Chudidhar Leggings", "action_flag": 3, "change_message": ""}}, {"model": "admin.logentry", "pk": 237, "fields": {"action_time": "2022-12-16T21:13:34.756Z", "user": 1, "content_type": 8, "object_id": "49", "object_repr": "God's Club Skinny Fit High Rise Basic / Plain Jeans for Women", "action_flag": 3, "change_message": ""}}, {"model": "admin.logentry", "pk": 238, "fields": {"action_time": "2022-12-16T21:13:34.758Z", "user": 1, "content_type": 8, "object_id": "48", "object_repr": "Slip-On Flat Shoes", "action_flag": 3, "change_message": ""}}, {"model": "admin.logentry", "pk": 239, "fields": {"action_time": "2022-12-16T21:13:34.760Z", "user": 1, "content_type": 8, "object_id": "47", "object_repr": "Cotton Checks Lungi", "action_flag": 3, "change_message": ""}}, {"model": "admin.logentry", "pk": 240, "fields": {"action_time": "2022-12-16T21:13:34.763Z", "user": 1, "content_type": 8, "object_id": "46", "object_repr": "Polyester Cotton Jeans", "action_flag": 3, "change_message": ""}}, {"model": "admin.logentry", "pk": 241, "fields": {"action_time": "2022-12-16T21:13:34.765Z", "user": 1, "content_type": 8, "object_id": "45", "object_repr": "Columbus PILOT_BLACK/C.GREEN Mesh Daily Wear Sport Shoes (Black, Black, Black, 6 UK (40 EU), 7 UK (41 EU), 8 UK (42 EU), 9 UK (43 EU), 10 UK (44 EU)", "action_flag": 3, "change_message": ""}}, {"model": "admin.logentry", "pk": 242, "fields": {"action_time": "2022-12-16T21:13:34.767Z", "user": 1, "content_type": 8, "object_id": "44", "object_repr": "Rayon Embroidered Flared Kurta", "action_flag": 3, "change_message": ""}}, {"model": "admin.logentry", "pk": 243, "fields": {"action_time": "2022-12-16T21:13:34.770Z", "user": 1, "content_type": 8, "object_id": "43", "object_repr": "Aqualite ULTRA HEALTH-11 (06X09) BLACK (MRP-167.50/-) Rubber Smart Casual (Black, 6 Uk (40 Eu), 7 Uk (41 Eu), 8 Uk (42 Eu), 9 Uk (43 Eu) Set Of 6", "action_flag": 3, "change_message": ""}}, {"model": "admin.logentry", "pk": 244, "fields": {"action_time": "2022-12-16T21:13:34.773Z", "user": 1, "content_type": 8, "object_id": "41", "object_repr": "Floral Print Georgette Saree", "action_flag": 3, "change_message": ""}}, {"model": "admin.logentry", "pk": 245, "fields": {"action_time": "2022-12-16T21:13:34.776Z", "user": 1, "content_type": 8, "object_id": "39", "object_repr": "Floral Embroidered Saree with Blouse Piece", "action_flag": 3, "change_message": ""}}, {"model": "admin.logentry", "pk": 246, "fields": {"action_time": "2022-12-16T21:13:34.778Z", "user": 1, "content_type": 8, "object_id": "38", "object_repr": "Cotton Printed Straight Kurta", "action_flag": 3, "change_message": ""}}, {"model": "admin.logentry", "pk": 247, "fields": {"action_time": "2022-12-16T21:13:34.780Z", "user": 1, "content_type": 8, "object_id": "37", "object_repr": "Zulements 100% Bio Washed Cotton Round Neck Message / Quote / Text Print T-Shirt for Men", "action_flag": 3, "change_message": ""}}, {"model": "admin.logentry", "pk": 248, "fields": {"action_time": "2022-12-16T21:13:34.783Z", "user": 1, "content_type": 8, "object_id": "36", "object_repr": "Rayon Floral Palazzo SuitSet", "action_flag": 3, "change_message": ""}}, {"model": "admin.logentry", "pk": 249, "fields": {"action_time": "2022-12-16T21:13:34.786Z", "user": 1, "content_type": 8, "object_id": "35", "object_repr": "Ankle-Length Leggings with Elasticated Waist", "action_flag": 3, "change_message": ""}}, {"model": "admin.logentry", "pk": 250, "fields": {"action_time": "2022-12-16T21:13:34.788Z", "user": 1, "content_type": 8, "object_id": "34", "object_repr": "Kids N Kidz Regular Fit Mid Rise Basic / Plain Jeans for Women Set Of 5", "action_flag": 3, "change_message": ""}}, {"model": "admin.logentry", "pk": 251, "fields": {"action_time": "2022-12-16T21:13:34.791Z", "user": 1, "content_type": 8, "object_id": "33", "object_repr": "PC Skinny Jeans", "action_flag": 3, "change_message": ""}}, {"model": "admin.logentry", "pk": 252, "fields": {"action_time": "2022-12-16T21:13:34.793Z", "user": 1, "content_type": 8, "object_id": "32", "object_repr": "Cotton Stripes Regular Saree", "action_flag": 3, "change_message": ""}}, {"model": "admin.logentry", "pk": 253, "fields": {"action_time": "2022-12-16T21:13:34.795Z", "user": 1, "content_type": 8, "object_id": "31", "object_repr": "Printed Cotton Saree with Blouse Piece", "action_flag": 3, "change_message": ""}}, {"model": "admin.logentry", "pk": 254, "fields": {"action_time": "2022-12-16T21:13:34.798Z", "user": 1, "content_type": 8, "object_id": "30", "object_repr": "Art Silk Printed Regular Saree", "action_flag": 3, "change_message": ""}}, {"model": "admin.logentry", "pk": 255, "fields": {"action_time": "2022-12-16T21:13:34.800Z", "user": 1, "content_type": 8, "object_id": "29", "object_repr": "Checked Top with Button Closure", "action_flag": 3, "change_message": ""}}, {"model": "admin.logentry", "pk": 256, "fields": {"action_time": "2022-12-16T21:13:34.803Z", "user": 1, "content_type": 8, "object_id": "28", "object_repr": "Twill Checks Casual Shirts", "action_flag": 3, "change_message": ""}}, {"model": "admin.logentry", "pk": 257, "fields": {"action_time": "2022-12-16T21:13:34.807Z", "user": 1, "content_type": 8, "object_id": "27", "object_repr": "Zulements 100% Bio Washed Cotton Round Neck Graphic Print T-Shirt for Men", "action_flag": 3, "change_message": ""}}, {"model": "admin.logentry", "pk": 258, "fields": {"action_time": "2022-12-16T21:13:34.809Z", "user": 1, "content_type": 8, "object_id": "26", "object_repr": "Abstract Print A-Line Kurta", "action_flag": 3, "change_message": ""}}, {"model": "admin.logentry", "pk": 259, "fields": {"action_time": "2022-12-16T21:13:34.811Z", "user": 1, "content_type": 8, "object_id": "25", "object_repr": "Cotton Printed Shirt", "action_flag": 3, "change_message": ""}}, {"model": "admin.logentry", "pk": 260, "fields": {"action_time": "2022-12-16T21:13:34.814Z", "user": 1, "content_type": 8, "object_id": "24", "object_repr": "Colorblock Slip-On Sandals", "action_flag": 3, "change_message": ""}}, {"model": "admin.logentry", "pk": 261, "fields": {"action_time": "2022-12-16T21:13:34.816Z", "user": 1, "content_type": 8, "object_id": "23", "object_repr": "Apple Sarees Pvt. Ltd. Cotton Silk Woven Saree Set Of 12", "action_flag": 3, "change_message": ""}}, {"model": "admin.logentry", "pk": 262, "fields": {"action_time": "2022-12-16T21:13:34.819Z", "user": 1, "content_type": 8, "object_id": "22", "object_repr": "Denim Slim Jeans", "action_flag": 3, "change_message": ""}}, {"model": "admin.logentry", "pk": 263, "fields": {"action_time": "2022-12-16T21:13:34.821Z", "user": 1, "content_type": 8, "object_id": "21", "object_repr": "Silk Lace SuitSet", "action_flag": 3, "change_message": ""}}, {"model": "admin.logentry", "pk": 264, "fields": {"action_time": "2022-12-16T21:13:34.824Z", "user": 1, "content_type": 8, "object_id": "20", "object_repr": "Cotton Mix Printed Regular Saree", "action_flag": 3, "change_message": ""}}, {"model": "admin.logentry", "pk": 265, "fields": {"action_time": "2022-12-16T21:13:34.827Z", "user": 1, "content_type": 8, "object_id": "19", "object_repr": "Slim Fit Cargo Pants", "action_flag": 3, "change_message": ""}}, {"model": "admin.logentry", "pk": 266, "fields": {"action_time": "2022-12-16T21:13:34.829Z", "user": 1, "content_type": 8, "object_id": "18", "object_repr": "Blended Printed Sweatshirt", "action_flag": 3, "change_message": ""}}, {"model": "admin.logentry", "pk": 267, "fields": {"action_time": "2022-12-16T21:13:34.832Z", "user": 1, "content_type": 8, "object_id": "17", "object_repr": "Washed Slim Fit Jogger Jeans", "action_flag": 3, "change_message": ""}}, {"model": "admin.logentry", "pk": 268, "fields": {"action_time": "2022-12-16T21:13:34.834Z", "user": 1, "content_type": 8, "object_id": "16", "object_repr": "Knitted Crew-Neck Pullover", "action_flag": 3, "change_message": ""}}, {"model": "admin.logentry", "pk": 269, "fields": {"action_time": "2022-12-16T21:13:34.837Z", "user": 1, "content_type": 8, "object_id": "15", "object_repr": "Brasso Printed Regular Saree", "action_flag": 3, "change_message": ""}}, {"model": "admin.logentry", "pk": 270, "fields": {"action_time": "2022-12-16T21:13:34.840Z", "user": 1, "content_type": 8, "object_id": "14", "object_repr": "Washed Slim Fit Jeans", "action_flag": 3, "change_message": ""}}, {"model": "admin.logentry", "pk": 271, "fields": {"action_time": "2022-12-16T21:13:34.843Z", "user": 1, "content_type": 8, "object_id": "13", "object_repr": "Polyester Checks Casual Shirts", "action_flag": 3, "change_message": ""}}, {"model": "admin.logentry", "pk": 272, "fields": {"action_time": "2022-12-16T21:13:34.845Z", "user": 1, "content_type": 8, "object_id": "7", "object_repr": "WRANGLER SHIRT", "action_flag": 3, "change_message": ""}}, {"model": "admin.logentry", "pk": 273, "fields": {"action_time": "2022-12-16T21:13:34.848Z", "user": 1, "content_type": 8, "object_id": "6", "object_repr": "US POLO JACKET", "action_flag": 3, "change_message": ""}}, {"model": "admin.logentry", "pk": 274, "fields": {"action_time": "2022-12-16T21:13:34.851Z", "user": 1, "content_type": 8, "object_id": "5", "object_repr": "PUMA SHOES", "action_flag": 3, "change_message": ""}}, {"model": "admin.logentry", "pk": 275, "fields": {"action_time": "2022-12-16T21:13:34.853Z", "user": 1, "content_type": 8, "object_id": "4", "object_repr": "JORDAN SHOES", "action_flag": 3, "change_message": ""}}, {"model": "admin.logentry", "pk": 276, "fields": {"action_time": "2022-12-16T21:13:34.856Z", "user": 1, "content_type": 8, "object_id": "3", "object_repr": "GREAT TSHIRT", "action_flag": 3, "change_message": ""}}, {"model": "admin.logentry", "pk": 277, "fields": {"action_time": "2022-12-16T21:13:34.858Z", "user": 1, "content_type": 8, "object_id": "2", "object_repr": "BLUE SHIRT", "action_flag": 3, "change_message": ""}}, {"model": "admin.logentry", "pk": 278, "fields": {"action_time": "2022-12-16T21:13:34.861Z", "user": 1, "content_type": 8, "object_id": "1", "object_repr": "ATX-JEANS", "action_flag": 3, "change_message": ""}}, {"model": "admin.logentry", "pk": 279, "fields": {"action_time": "2022-12-16T21:41:25.074Z", "user": 1, "content_type": 8, "object_id": "280", "object_repr": "Pack of 2 Crew-Neck T-shirts", "action_flag": 3, "change_message": ""}}, {"model": "admin.logentry", "pk": 280, "fields": {"action_time": "2022-12-16T21:41:25.078Z", "user": 1, "content_type": 8, "object_id": "279", "object_repr": "Dani Printed Regular Saree", "action_flag": 3, "change_message": ""}}, {"model": "admin.logentry", "pk": 281, "fields": {"action_time": "2022-12-16T21:41:25.081Z", "user": 1, "content_type": 8, "object_id": "278", "object_repr": "Banarasi Printed  Dupatta", "action_flag": 3, "change_message": ""}}, {"model": "admin.logentry", "pk": 282, "fields": {"action_time": "2022-12-16T21:41:25.083Z", "user": 1, "content_type": 8, "object_id": "277", "object_repr": "VPR Maya9 blue Fabric Casual Wear Flat Sandal (Blue, 5 Uk (38 Eu), 6 Uk (39 Eu), 7 Uk (40 Eu), 8 Uk (41 Eu) Set Of 6, VPR_MAYA9_BL", "action_flag": 3, "change_message": ""}}, {"model": "admin.logentry", "pk": 283, "fields": {"action_time": "2022-12-16T21:41:25.086Z", "user": 1, "content_type": 8, "object_id": "276", "object_repr": "Printed Sleeveless Tunic with Waist Tie-Up", "action_flag": 3, "change_message": ""}}, {"model": "admin.logentry", "pk": 284, "fields": {"action_time": "2022-12-16T21:41:25.089Z", "user": 1, "content_type": 8, "object_id": "275", "object_repr": "Shirt with Tie-Up Hem", "action_flag": 3, "change_message": ""}}, {"model": "admin.logentry", "pk": 285, "fields": {"action_time": "2022-12-16T21:41:25.092Z", "user": 1, "content_type": 8, "object_id": "273", "object_repr": "Coolers by Liberty Brown Slippers COOL99-81 For :- Mens", "action_flag": 3, "change_message": ""}}, {"model": "admin.logentry", "pk": 286, "fields": {"action_time": "2022-12-16T21:41:25.097Z", "user": 1, "content_type": 8, "object_id": "272", "object_repr": "Cotton Checks Casual Shirts", "action_flag": 3, "change_message": ""}}, {"model": "admin.logentry", "pk": 287, "fields": {"action_time": "2022-12-16T21:41:25.101Z", "user": 1, "content_type": 8, "object_id": "271", "object_repr": "Lace-Up Casual Shoes with Contrast Panels", "action_flag": 3, "change_message": ""}}, {"model": "admin.logentry", "pk": 288, "fields": {"action_time": "2022-12-16T21:41:25.104Z", "user": 1, "content_type": 8, "object_id": "270", "object_repr": "Danish Silk Saree Satin Silk Woven Banarasi Saree (Rekha)", "action_flag": 3, "change_message": ""}}, {"model": "admin.logentry", "pk": 289, "fields": {"action_time": "2022-12-16T21:41:25.108Z", "user": 1, "content_type": 8, "object_id": "269", "object_repr": "Polyester Solid Top", "action_flag": 3, "change_message": ""}}, {"model": "admin.logentry", "pk": 290, "fields": {"action_time": "2022-12-16T21:41:25.111Z", "user": 1, "content_type": 8, "object_id": "268", "object_repr": "Ankle-Length Flared Jeans", "action_flag": 3, "change_message": ""}}, {"model": "admin.logentry", "pk": 291, "fields": {"action_time": "2022-12-16T21:41:25.115Z", "user": 1, "content_type": 8, "object_id": "267", "object_repr": "V.B. SONS Cotton Plain / Solid Straight Kurta Set for Women Set Of 4, VB-090", "action_flag": 3, "change_message": ""}}, {"model": "admin.logentry", "pk": 292, "fields": {"action_time": "2022-12-16T21:41:25.119Z", "user": 1, "content_type": 8, "object_id": "266", "object_repr": "Border Saree with Blouse Piece", "action_flag": 3, "change_message": ""}}, {"model": "admin.logentry", "pk": 293, "fields": {"action_time": "2022-12-16T21:41:25.121Z", "user": 1, "content_type": 8, "object_id": "265", "object_repr": "Cotton All over print Regular Saree", "action_flag": 3, "change_message": ""}}, {"model": "admin.logentry", "pk": 294, "fields": {"action_time": "2022-12-16T21:41:25.124Z", "user": 1, "content_type": 8, "object_id": "264", "object_repr": "Slim Fit Track Pants with Drawstring Waist", "action_flag": 3, "change_message": ""}}, {"model": "admin.logentry", "pk": 295, "fields": {"action_time": "2022-12-16T21:41:25.127Z", "user": 1, "content_type": 8, "object_id": "263", "object_repr": "Cotton Stretch Joggers", "action_flag": 3, "change_message": ""}}, {"model": "admin.logentry", "pk": 296, "fields": {"action_time": "2022-12-16T21:41:25.129Z", "user": 1, "content_type": 8, "object_id": "262", "object_repr": "Chevron Knit Slim Fit V-neck Cardigan", "action_flag": 3, "change_message": ""}}, {"model": "admin.logentry", "pk": 297, "fields": {"action_time": "2022-12-16T21:41:25.132Z", "user": 1, "content_type": 8, "object_id": "261", "object_repr": "Banarasi Embellished Dupatta", "action_flag": 3, "change_message": ""}}, {"model": "admin.logentry", "pk": 298, "fields": {"action_time": "2022-12-16T21:41:25.136Z", "user": 1, "content_type": 8, "object_id": "259", "object_repr": "PC Stretch Non Wired Sports Bra", "action_flag": 3, "change_message": ""}}, {"model": "admin.logentry", "pk": 299, "fields": {"action_time": "2022-12-16T21:41:25.139Z", "user": 1, "content_type": 8, "object_id": "258", "object_repr": "V-neck T-shirt with Logo Print", "action_flag": 3, "change_message": ""}}, {"model": "admin.logentry", "pk": 300, "fields": {"action_time": "2022-12-16T21:41:25.142Z", "user": 1, "content_type": 8, "object_id": "257", "object_repr": "Chiffon Digital Print Regular Saree", "action_flag": 3, "change_message": ""}}, {"model": "admin.logentry", "pk": 301, "fields": {"action_time": "2022-12-16T21:41:25.144Z", "user": 1, "content_type": 8, "object_id": "256", "object_repr": "Sequin Embellished Dungarees", "action_flag": 3, "change_message": ""}}, {"model": "admin.logentry", "pk": 302, "fields": {"action_time": "2022-12-16T21:41:25.148Z", "user": 1, "content_type": 8, "object_id": "255", "object_repr": "Printed Crew-Neck T-shirt with Tie-Up", "action_flag": 3, "change_message": ""}}, {"model": "admin.logentry", "pk": 303, "fields": {"action_time": "2022-12-16T21:41:25.152Z", "user": 1, "content_type": 8, "object_id": "254", "object_repr": "Sachin GS 1002 BROWN Niwar Casual Wear (Saddle Brown, Saddle Brown, Saddle Brown, 6 UK (40 EU), 7 UK (41 EU), 8 UK (42 EU), 9 UK (43 EU), 10 UK (44 EU)", "action_flag": 3, "change_message": ""}}, {"model": "admin.logentry", "pk": 304, "fields": {"action_time": "2022-12-16T21:41:25.155Z", "user": 1, "content_type": 8, "object_id": "253", "object_repr": "Textured Zip-Front Sweatshirt", "action_flag": 3, "change_message": ""}}, {"model": "admin.logentry", "pk": 305, "fields": {"action_time": "2022-12-16T21:41:25.158Z", "user": 1, "content_type": 8, "object_id": "252", "object_repr": "Banarasi Traditional Saree with Tassels", "action_flag": 3, "change_message": ""}}, {"model": "admin.logentry", "pk": 306, "fields": {"action_time": "2022-12-16T21:41:25.161Z", "user": 1, "content_type": 8, "object_id": "250", "object_repr": "Cotton Embroidered Flared Kurta", "action_flag": 3, "change_message": ""}}, {"model": "admin.logentry", "pk": 307, "fields": {"action_time": "2022-12-16T21:41:25.164Z", "user": 1, "content_type": 8, "object_id": "249", "object_repr": "Muslin Printed Ethnic Pants SuitSet", "action_flag": 3, "change_message": ""}}, {"model": "admin.logentry", "pk": 308, "fields": {"action_time": "2022-12-16T21:41:25.167Z", "user": 1, "content_type": 8, "object_id": "248", "object_repr": "Slim Fit Mid-Wash Jeans", "action_flag": 3, "change_message": ""}}, {"model": "admin.logentry", "pk": 309, "fields": {"action_time": "2022-12-16T21:41:25.172Z", "user": 1, "content_type": 8, "object_id": "247", "object_repr": "Pack of 2 Floral Hot Pants", "action_flag": 3, "change_message": ""}}, {"model": "admin.logentry", "pk": 310, "fields": {"action_time": "2022-12-16T21:41:25.175Z", "user": 1, "content_type": 8, "object_id": "245", "object_repr": "Rayon Embroidered Front Slit kurta", "action_flag": 3, "change_message": ""}}, {"model": "admin.logentry", "pk": 311, "fields": {"action_time": "2022-12-16T21:41:25.177Z", "user": 1, "content_type": 8, "object_id": "244", "object_repr": "Campus Shoes:-22G-128_CAMP JASPER_OFF WHT/BLK", "action_flag": 3, "change_message": ""}}, {"model": "admin.logentry", "pk": 312, "fields": {"action_time": "2022-12-16T21:41:25.180Z", "user": 1, "content_type": 8, "object_id": "242", "object_repr": "Dark Thread Heavy Laffer Twill Casual Wear Big Checks Shirt for Men Set Of 12, 6205", "action_flag": 3, "change_message": ""}}, {"model": "admin.logentry", "pk": 313, "fields": {"action_time": "2022-12-16T21:41:25.184Z", "user": 1, "content_type": 8, "object_id": "240", "object_repr": "Goo On Cotton Round Neck Printed T-Shirt for Men", "action_flag": 3, "change_message": ""}}, {"model": "admin.logentry", "pk": 314, "fields": {"action_time": "2022-12-16T21:41:25.188Z", "user": 1, "content_type": 8, "object_id": "239", "object_repr": "Cotton Stretch Solid Shrugs", "action_flag": 3, "change_message": ""}}, {"model": "admin.logentry", "pk": 315, "fields": {"action_time": "2022-12-16T21:41:25.191Z", "user": 1, "content_type": 8, "object_id": "238", "object_repr": "B.Sam Rayon Stone Work Straight Kurta Set for Women Set Of 3", "action_flag": 3, "change_message": ""}}, {"model": "admin.logentry", "pk": 316, "fields": {"action_time": "2022-12-16T21:41:25.194Z", "user": 1, "content_type": 8, "object_id": "236", "object_repr": "Printed Saree with Blouse Piece", "action_flag": 3, "change_message": ""}}, {"model": "admin.logentry", "pk": 317, "fields": {"action_time": "2022-12-16T21:41:25.196Z", "user": 1, "content_type": 8, "object_id": "235", "object_repr": "Reebok Reebok Speedstar run Synthetic Casual Wear Running Shoes (Grey, 9 US (42 EU)", "action_flag": 3, "change_message": ""}}, {"model": "admin.logentry", "pk": 318, "fields": {"action_time": "2022-12-16T21:41:25.200Z", "user": 1, "content_type": 8, "object_id": "234", "object_repr": "Rayon Printed A-line Kurta", "action_flag": 3, "change_message": ""}}, {"model": "admin.logentry", "pk": 319, "fields": {"action_time": "2022-12-16T21:41:25.203Z", "user": 1, "content_type": 8, "object_id": "233", "object_repr": "Code 16 Faded / Washed Jeans Medium Washed Narrow Fit Knitted Denim Stretchable Full Length 916 Ice Blue 30-32-34-36", "action_flag": 3, "change_message": ""}}, {"model": "admin.logentry", "pk": 320, "fields": {"action_time": "2022-12-16T21:41:25.206Z", "user": 1, "content_type": 8, "object_id": "232", "object_repr": "Dungaree with Patch Pocket", "action_flag": 3, "change_message": ""}}, {"model": "admin.logentry", "pk": 321, "fields": {"action_time": "2022-12-16T21:41:25.209Z", "user": 1, "content_type": 8, "object_id": "231", "object_repr": "Floral Print Tunic with Mandarin Collar", "action_flag": 3, "change_message": ""}}, {"model": "admin.logentry", "pk": 322, "fields": {"action_time": "2022-12-16T21:41:25.211Z", "user": 1, "content_type": 8, "object_id": "230", "object_repr": "Abstract Full Sleeve Shirt", "action_flag": 3, "change_message": ""}}, {"model": "admin.logentry", "pk": 323, "fields": {"action_time": "2022-12-16T21:41:25.214Z", "user": 1, "content_type": 8, "object_id": "228", "object_repr": "Floral Print Straight Kurta with Palazzos & Dupatta", "action_flag": 3, "change_message": ""}}, {"model": "admin.logentry", "pk": 324, "fields": {"action_time": "2022-12-16T21:41:25.217Z", "user": 1, "content_type": 8, "object_id": "227", "object_repr": "Cotton Typographic Crew-Neck T-shirt", "action_flag": 3, "change_message": ""}}, {"model": "admin.logentry", "pk": 325, "fields": {"action_time": "2022-12-16T21:41:25.220Z", "user": 1, "content_type": 8, "object_id": "225", "object_repr": "Lightly Washed Ankle-Length Skinny Jeans", "action_flag": 3, "change_message": ""}}, {"model": "admin.logentry", "pk": 326, "fields": {"action_time": "2022-12-16T21:41:25.223Z", "user": 1, "content_type": 8, "object_id": "224", "object_repr": "Cotton Printed Sweatshirt", "action_flag": 3, "change_message": ""}}, {"model": "admin.logentry", "pk": 327, "fields": {"action_time": "2022-12-16T21:41:25.226Z", "user": 1, "content_type": 8, "object_id": "223", "object_repr": "Supremlite NT-2003(6x10) Pvc Home Wear (Navy, Navy, Navy, 6 UK (40 EU), 7 UK (41 EU), 8 UK (42 EU), 9 UK (43 EU), 10 UK (44 EU)", "action_flag": 3, "change_message": ""}}, {"model": "admin.logentry", "pk": 328, "fields": {"action_time": "2022-12-16T21:41:25.229Z", "user": 1, "content_type": 8, "object_id": "222", "object_repr": "Cotton All over print Unstitched Dress Material", "action_flag": 3, "change_message": ""}}, {"model": "admin.logentry", "pk": 329, "fields": {"action_time": "2022-12-16T21:41:25.232Z", "user": 1, "content_type": 8, "object_id": "221", "object_repr": "Georgette Printed Regular Saree", "action_flag": 3, "change_message": ""}}, {"model": "admin.logentry", "pk": 330, "fields": {"action_time": "2022-12-16T21:41:25.235Z", "user": 1, "content_type": 8, "object_id": "220", "object_repr": "Blended Long Nighti", "action_flag": 3, "change_message": ""}}, {"model": "admin.logentry", "pk": 331, "fields": {"action_time": "2022-12-16T21:41:25.237Z", "user": 1, "content_type": 8, "object_id": "219", "object_repr": "Crepe Solid Fit and Flare Dress", "action_flag": 3, "change_message": ""}}, {"model": "admin.logentry", "pk": 332, "fields": {"action_time": "2022-12-16T21:41:25.240Z", "user": 1, "content_type": 8, "object_id": "218", "object_repr": "Cotton Checks Shirt", "action_flag": 3, "change_message": ""}}, {"model": "admin.logentry", "pk": 333, "fields": {"action_time": "2022-12-16T21:41:25.243Z", "user": 1, "content_type": 8, "object_id": "217", "object_repr": "Rayon Printed  SuitSet", "action_flag": 3, "change_message": ""}}, {"model": "admin.logentry", "pk": 334, "fields": {"action_time": "2022-12-16T21:41:25.245Z", "user": 1, "content_type": 8, "object_id": "216", "object_repr": "Rayon Printed palazzo SuitSet", "action_flag": 3, "change_message": ""}}, {"model": "admin.logentry", "pk": 335, "fields": {"action_time": "2022-12-16T21:41:25.248Z", "user": 1, "content_type": 8, "object_id": "215", "object_repr": "Cotton Solid Leggings", "action_flag": 3, "change_message": ""}}, {"model": "admin.logentry", "pk": 336, "fields": {"action_time": "2022-12-16T21:41:25.251Z", "user": 1, "content_type": 8, "object_id": "214", "object_repr": "Rich Skin Blended Georgette Floral Print Printed Saree (SRIDEVI) Set Of 4", "action_flag": 3, "change_message": ""}}, {"model": "admin.logentry", "pk": 337, "fields": {"action_time": "2022-12-16T21:41:25.262Z", "user": 1, "content_type": 8, "object_id": "213", "object_repr": "Cotton Embroidered Palazzo  SuitSet", "action_flag": 3, "change_message": ""}}, {"model": "admin.logentry", "pk": 338, "fields": {"action_time": "2022-12-16T21:41:25.265Z", "user": 1, "content_type": 8, "object_id": "212", "object_repr": "Rayon Printed Straight Kurta", "action_flag": 3, "change_message": ""}}, {"model": "admin.logentry", "pk": 339, "fields": {"action_time": "2022-12-16T21:41:25.268Z", "user": 1, "content_type": 8, "object_id": "211", "object_repr": "Froh Feet 2178-RBT-12P Synthetic Formal Wear (Multi Color, 3 Uk (36 Eu), 4 Uk (37 Eu), 5 Uk (38 Eu), 6 Uk (39 Eu), 7 Uk (40 Eu), 8 Uk (41 Eu) Set Of 12, 2178-RBT-12P", "action_flag": 3, "change_message": ""}}, {"model": "admin.logentry", "pk": 340, "fields": {"action_time": "2022-12-16T21:41:25.271Z", "user": 1, "content_type": 8, "object_id": "210", "object_repr": "Do Bhai Snd200 Premium Synthetic Smart Casual Soft Foam Sandal (Gray, 3 Uk (36 Eu), 4 Uk (37 Eu), 5 Uk (38 Eu), 6 Uk (39 Eu), 7 Uk (40 Eu), 8 Uk (41 Eu) Set Of 6, Snd200", "action_flag": 3, "change_message": ""}}, {"model": "admin.logentry", "pk": 341, "fields": {"action_time": "2022-12-16T21:41:25.274Z", "user": 1, "content_type": 8, "object_id": "209", "object_repr": "Beautiful Georgette saree with Zari border", "action_flag": 3, "change_message": ""}}, {"model": "admin.logentry", "pk": 342, "fields": {"action_time": "2022-12-16T21:41:25.276Z", "user": 1, "content_type": 8, "object_id": "208", "object_repr": "Viscose Printed Tunic", "action_flag": 3, "change_message": ""}}, {"model": "admin.logentry", "pk": 343, "fields": {"action_time": "2022-12-16T21:41:25.278Z", "user": 1, "content_type": 8, "object_id": "207", "object_repr": "Cotton Embroidered Straight Kurta", "action_flag": 3, "change_message": ""}}, {"model": "admin.logentry", "pk": 344, "fields": {"action_time": "2022-12-16T21:41:25.281Z", "user": 1, "content_type": 8, "object_id": "206", "object_repr": "Cotton Floral Pyjamas Set", "action_flag": 3, "change_message": ""}}, {"model": "admin.logentry", "pk": 345, "fields": {"action_time": "2022-12-16T21:41:25.283Z", "user": 1, "content_type": 8, "object_id": "205", "object_repr": "Silk Embroidered Regular Saree", "action_flag": 3, "change_message": ""}}, {"model": "admin.logentry", "pk": 346, "fields": {"action_time": "2022-12-16T21:41:25.287Z", "user": 1, "content_type": 8, "object_id": "204", "object_repr": "Campus Shoes:-GC-1020B_GC-1020B_BLK/RED", "action_flag": 3, "change_message": ""}}, {"model": "admin.logentry", "pk": 347, "fields": {"action_time": "2022-12-16T21:41:25.290Z", "user": 1, "content_type": 8, "object_id": "203", "object_repr": "BUY NOW", "action_flag": 3, "change_message": ""}}, {"model": "admin.logentry", "pk": 348, "fields": {"action_time": "2022-12-16T21:41:25.292Z", "user": 1, "content_type": 8, "object_id": "202", "object_repr": "Right Steps Star Pvc Casual Wear (Blue Violet, 4 Uk (37 Eu), 5 Uk (38 Eu), 6 Uk (39 Eu), 7 Uk (40 Eu), 8 Uk (41 Eu) Set Of 5", "action_flag": 3, "change_message": ""}}, {"model": "admin.logentry", "pk": 349, "fields": {"action_time": "2022-12-16T21:41:25.294Z", "user": 1, "content_type": 8, "object_id": "201", "object_repr": "Textured V-neck Pullovers", "action_flag": 3, "change_message": ""}}, {"model": "admin.logentry", "pk": 350, "fields": {"action_time": "2022-12-16T21:41:25.297Z", "user": 1, "content_type": 8, "object_id": "200", "object_repr": "Cotton Printed Patiala SuitSet", "action_flag": 3, "change_message": ""}}, {"model": "admin.logentry", "pk": 351, "fields": {"action_time": "2022-12-16T21:41:25.300Z", "user": 1, "content_type": 8, "object_id": "199", "object_repr": "Solid Shoulder Bag", "action_flag": 3, "change_message": ""}}, {"model": "admin.logentry", "pk": 352, "fields": {"action_time": "2022-12-16T21:41:25.303Z", "user": 1, "content_type": 8, "object_id": "198", "object_repr": "GSOON Imported Four Way Lycra Pintuck Trackpant for Men Set Of 4, Pintuck double ", "action_flag": 3, "change_message": ""}}, {"model": "admin.logentry", "pk": 353, "fields": {"action_time": "2022-12-16T21:41:25.305Z", "user": 1, "content_type": 8, "object_id": "197", "object_repr": "Almond-Toe Lace-Up Derby Shoes", "action_flag": 3, "change_message": ""}}, {"model": "admin.logentry", "pk": 354, "fields": {"action_time": "2022-12-16T21:41:25.308Z", "user": 1, "content_type": 8, "object_id": "196", "object_repr": "Cotton Printed Regular Fit Round Tshirts", "action_flag": 3, "change_message": ""}}, {"model": "admin.logentry", "pk": 355, "fields": {"action_time": "2022-12-16T21:41:25.310Z", "user": 1, "content_type": 8, "object_id": "195", "object_repr": "Opfoam Ofm306 blu pnk EVA Casual Wear (Blue, 5 Uk (38 Eu), 6 Uk (39 Eu), 7 Uk (40 Eu), 8 Uk (41 Eu) Set Of 6, OOFOAM_306_BLPNK", "action_flag": 3, "change_message": ""}}, {"model": "admin.logentry", "pk": 356, "fields": {"action_time": "2022-12-16T21:41:25.313Z", "user": 1, "content_type": 8, "object_id": "194", "object_repr": "Polyester Solid A-line Dress", "action_flag": 3, "change_message": ""}}, {"model": "admin.logentry", "pk": 357, "fields": {"action_time": "2022-12-16T21:41:25.316Z", "user": 1, "content_type": 8, "object_id": "193", "object_repr": "Pleated Shorts with Insert Pockets", "action_flag": 3, "change_message": ""}}, {"model": "admin.logentry", "pk": 358, "fields": {"action_time": "2022-12-16T21:41:25.318Z", "user": 1, "content_type": 8, "object_id": "192", "object_repr": "Net Embellished A-line Dress", "action_flag": 3, "change_message": ""}}, {"model": "admin.logentry", "pk": 359, "fields": {"action_time": "2022-12-16T21:41:25.321Z", "user": 1, "content_type": 8, "object_id": "191", "object_repr": "Organza Digital Print Regular Saree", "action_flag": 3, "change_message": ""}}, {"model": "admin.logentry", "pk": 360, "fields": {"action_time": "2022-12-16T21:41:25.324Z", "user": 1, "content_type": 8, "object_id": "190", "object_repr": "Zip-Front Hooded Sweatshirt with Kangaroo Pockets", "action_flag": 3, "change_message": ""}}, {"model": "admin.logentry", "pk": 361, "fields": {"action_time": "2022-12-16T21:41:25.326Z", "user": 1, "content_type": 8, "object_id": "189", "object_repr": "Textured Low-Top Lace-Up Shoes", "action_flag": 3, "change_message": ""}}, {"model": "admin.logentry", "pk": 362, "fields": {"action_time": "2022-12-16T21:41:25.329Z", "user": 1, "content_type": 8, "object_id": "188", "object_repr": "Cotton Printed Semi-stitched Dress Material", "action_flag": 3, "change_message": ""}}, {"model": "admin.logentry", "pk": 363, "fields": {"action_time": "2022-12-16T21:41:25.332Z", "user": 1, "content_type": 8, "object_id": "187", "object_repr": "Rayon Embroidered Straight Kurta", "action_flag": 3, "change_message": ""}}, {"model": "admin.logentry", "pk": 364, "fields": {"action_time": "2022-12-16T21:41:25.336Z", "user": 1, "content_type": 8, "object_id": "185", "object_repr": "Silk Solid  Women SuitSet", "action_flag": 3, "change_message": ""}}, {"model": "admin.logentry", "pk": 365, "fields": {"action_time": "2022-12-16T21:41:25.340Z", "user": 1, "content_type": 8, "object_id": "184", "object_repr": "Blended Solid Chudidhar Leggings", "action_flag": 3, "change_message": ""}}, {"model": "admin.logentry", "pk": 366, "fields": {"action_time": "2022-12-16T21:41:25.343Z", "user": 1, "content_type": 8, "object_id": "183", "object_repr": "God's Club Skinny Fit High Rise Basic / Plain Jeans for Women", "action_flag": 3, "change_message": ""}}, {"model": "admin.logentry", "pk": 367, "fields": {"action_time": "2022-12-16T21:41:25.346Z", "user": 1, "content_type": 8, "object_id": "182", "object_repr": "Slip-On Flat Shoes", "action_flag": 3, "change_message": ""}}, {"model": "admin.logentry", "pk": 368, "fields": {"action_time": "2022-12-16T21:41:25.350Z", "user": 1, "content_type": 8, "object_id": "181", "object_repr": "Cotton Checks Lungi", "action_flag": 3, "change_message": ""}}, {"model": "admin.logentry", "pk": 369, "fields": {"action_time": "2022-12-16T21:41:25.355Z", "user": 1, "content_type": 8, "object_id": "180", "object_repr": "Polyester Cotton Jeans", "action_flag": 3, "change_message": ""}}, {"model": "admin.logentry", "pk": 370, "fields": {"action_time": "2022-12-16T21:41:25.359Z", "user": 1, "content_type": 8, "object_id": "179", "object_repr": "Columbus PILOT_BLACK/C.GREEN Mesh Daily Wear Sport Shoes (Black, Black, Black, 6 UK (40 EU), 7 UK (41 EU), 8 UK (42 EU), 9 UK (43 EU), 10 UK (44 EU)", "action_flag": 3, "change_message": ""}}, {"model": "admin.logentry", "pk": 371, "fields": {"action_time": "2022-12-16T21:41:25.362Z", "user": 1, "content_type": 8, "object_id": "178", "object_repr": "Rayon Embroidered Flared Kurta", "action_flag": 3, "change_message": ""}}, {"model": "admin.logentry", "pk": 372, "fields": {"action_time": "2022-12-16T21:41:25.365Z", "user": 1, "content_type": 8, "object_id": "177", "object_repr": "Aqualite ULTRA HEALTH-11 (06X09) BLACK (MRP-167.50/-) Rubber Smart Casual (Black, 6 Uk (40 Eu), 7 Uk (41 Eu), 8 Uk (42 Eu), 9 Uk (43 Eu) Set Of 6", "action_flag": 3, "change_message": ""}}, {"model": "admin.logentry", "pk": 373, "fields": {"action_time": "2022-12-16T21:41:25.368Z", "user": 1, "content_type": 8, "object_id": "175", "object_repr": "Floral Print Georgette Saree", "action_flag": 3, "change_message": ""}}, {"model": "admin.logentry", "pk": 374, "fields": {"action_time": "2022-12-16T21:41:25.371Z", "user": 1, "content_type": 8, "object_id": "173", "object_repr": "Floral Embroidered Saree with Blouse Piece", "action_flag": 3, "change_message": ""}}, {"model": "admin.logentry", "pk": 375, "fields": {"action_time": "2022-12-16T21:41:25.374Z", "user": 1, "content_type": 8, "object_id": "172", "object_repr": "Cotton Printed Straight Kurta", "action_flag": 3, "change_message": ""}}, {"model": "admin.logentry", "pk": 376, "fields": {"action_time": "2022-12-16T21:41:25.377Z", "user": 1, "content_type": 8, "object_id": "171", "object_repr": "Zulements 100% Bio Washed Cotton Round Neck Message / Quote / Text Print T-Shirt for Men", "action_flag": 3, "change_message": ""}}, {"model": "admin.logentry", "pk": 377, "fields": {"action_time": "2022-12-16T21:41:25.379Z", "user": 1, "content_type": 8, "object_id": "170", "object_repr": "Rayon Floral Palazzo SuitSet", "action_flag": 3, "change_message": ""}}, {"model": "admin.logentry", "pk": 378, "fields": {"action_time": "2022-12-16T21:41:25.383Z", "user": 1, "content_type": 8, "object_id": "169", "object_repr": "Ankle-Length Leggings with Elasticated Waist", "action_flag": 3, "change_message": ""}}, {"model": "admin.logentry", "pk": 379, "fields": {"action_time": "2022-12-16T21:41:42.546Z", "user": 1, "content_type": 8, "object_id": "168", "object_repr": "Kids N Kidz Regular Fit Mid Rise Basic / Plain Jeans for Women Set Of 5", "action_flag": 3, "change_message": ""}}, {"model": "admin.logentry", "pk": 380, "fields": {"action_time": "2022-12-16T21:41:42.550Z", "user": 1, "content_type": 8, "object_id": "167", "object_repr": "PC Skinny Jeans", "action_flag": 3, "change_message": ""}}, {"model": "admin.logentry", "pk": 381, "fields": {"action_time": "2022-12-16T21:41:42.553Z", "user": 1, "content_type": 8, "object_id": "166", "object_repr": "Cotton Stripes Regular Saree", "action_flag": 3, "change_message": ""}}, {"model": "admin.logentry", "pk": 382, "fields": {"action_time": "2022-12-16T21:41:42.555Z", "user": 1, "content_type": 8, "object_id": "165", "object_repr": "Printed Cotton Saree with Blouse Piece", "action_flag": 3, "change_message": ""}}, {"model": "admin.logentry", "pk": 383, "fields": {"action_time": "2022-12-16T21:41:42.559Z", "user": 1, "content_type": 8, "object_id": "164", "object_repr": "Art Silk Printed Regular Saree", "action_flag": 3, "change_message": ""}}, {"model": "admin.logentry", "pk": 384, "fields": {"action_time": "2022-12-16T21:41:42.562Z", "user": 1, "content_type": 8, "object_id": "163", "object_repr": "Checked Top with Button Closure", "action_flag": 3, "change_message": ""}}, {"model": "admin.logentry", "pk": 385, "fields": {"action_time": "2022-12-16T21:41:42.565Z", "user": 1, "content_type": 8, "object_id": "162", "object_repr": "Twill Checks Casual Shirts", "action_flag": 3, "change_message": ""}}, {"model": "admin.logentry", "pk": 386, "fields": {"action_time": "2022-12-16T21:41:42.567Z", "user": 1, "content_type": 8, "object_id": "161", "object_repr": "Zulements 100% Bio Washed Cotton Round Neck Graphic Print T-Shirt for Men", "action_flag": 3, "change_message": ""}}, {"model": "admin.logentry", "pk": 387, "fields": {"action_time": "2022-12-16T21:41:42.570Z", "user": 1, "content_type": 8, "object_id": "160", "object_repr": "Abstract Print A-Line Kurta", "action_flag": 3, "change_message": ""}}, {"model": "admin.logentry", "pk": 388, "fields": {"action_time": "2022-12-16T21:41:42.572Z", "user": 1, "content_type": 8, "object_id": "159", "object_repr": "Cotton Printed Shirt", "action_flag": 3, "change_message": ""}}, {"model": "admin.logentry", "pk": 389, "fields": {"action_time": "2022-12-16T21:41:42.576Z", "user": 1, "content_type": 8, "object_id": "158", "object_repr": "Colorblock Slip-On Sandals", "action_flag": 3, "change_message": ""}}, {"model": "admin.logentry", "pk": 390, "fields": {"action_time": "2022-12-16T21:41:42.579Z", "user": 1, "content_type": 8, "object_id": "157", "object_repr": "Apple Sarees Pvt. Ltd. Cotton Silk Woven Saree Set Of 12", "action_flag": 3, "change_message": ""}}, {"model": "admin.logentry", "pk": 391, "fields": {"action_time": "2022-12-16T21:41:42.581Z", "user": 1, "content_type": 8, "object_id": "156", "object_repr": "Denim Slim Jeans", "action_flag": 3, "change_message": ""}}, {"model": "admin.logentry", "pk": 392, "fields": {"action_time": "2022-12-16T21:41:42.584Z", "user": 1, "content_type": 8, "object_id": "155", "object_repr": "Silk Lace SuitSet", "action_flag": 3, "change_message": ""}}, {"model": "admin.logentry", "pk": 393, "fields": {"action_time": "2022-12-16T21:41:42.586Z", "user": 1, "content_type": 8, "object_id": "154", "object_repr": "Cotton Mix Printed Regular Saree", "action_flag": 3, "change_message": ""}}, {"model": "admin.logentry", "pk": 394, "fields": {"action_time": "2022-12-16T21:41:42.589Z", "user": 1, "content_type": 8, "object_id": "153", "object_repr": "Slim Fit Cargo Pants", "action_flag": 3, "change_message": ""}}, {"model": "admin.logentry", "pk": 395, "fields": {"action_time": "2022-12-16T21:41:42.592Z", "user": 1, "content_type": 8, "object_id": "152", "object_repr": "Blended Printed Sweatshirt", "action_flag": 3, "change_message": ""}}, {"model": "admin.logentry", "pk": 396, "fields": {"action_time": "2022-12-16T21:41:42.595Z", "user": 1, "content_type": 8, "object_id": "151", "object_repr": "Washed Slim Fit Jogger Jeans", "action_flag": 3, "change_message": ""}}, {"model": "admin.logentry", "pk": 397, "fields": {"action_time": "2022-12-16T21:41:42.598Z", "user": 1, "content_type": 8, "object_id": "150", "object_repr": "Knitted Crew-Neck Pullover", "action_flag": 3, "change_message": ""}}, {"model": "admin.logentry", "pk": 398, "fields": {"action_time": "2022-12-16T21:41:42.600Z", "user": 1, "content_type": 8, "object_id": "149", "object_repr": "Brasso Printed Regular Saree", "action_flag": 3, "change_message": ""}}, {"model": "admin.logentry", "pk": 399, "fields": {"action_time": "2022-12-16T21:41:42.603Z", "user": 1, "content_type": 8, "object_id": "148", "object_repr": "Washed Slim Fit Jeans", "action_flag": 3, "change_message": ""}}, {"model": "admin.logentry", "pk": 400, "fields": {"action_time": "2022-12-16T21:41:42.605Z", "user": 1, "content_type": 8, "object_id": "147", "object_repr": "Polyester Checks Casual Shirts", "action_flag": 3, "change_message": ""}}, {"model": "admin.logentry", "pk": 401, "fields": {"action_time": "2022-12-16T21:46:43.533Z", "user": 1, "content_type": 8, "object_id": "281", "object_repr": "Knitted Crew-Neck Pullover", "action_flag": 3, "change_message": ""}}, {"model": "admin.logentry", "pk": 402, "fields": {"action_time": "2022-12-16T21:52:36.817Z", "user": 1, "content_type": 8, "object_id": "282", "object_repr": "Knitted Crew-Neck Pullover", "action_flag": 3, "change_message": ""}}, {"model": "admin.logentry", "pk": 403, "fields": {"action_time": "2022-12-16T21:55:19.227Z", "user": 1, "content_type": 8, "object_id": "283", "object_repr": "Knitted Crew-Neck Pullover", "action_flag": 3, "change_message": ""}}, {"model": "auth.permission", "pk": 1, "fields": {"name": "Can add log entry", "content_type": 1, "codename": "add_logentry"}}, {"model": "auth.permission", "pk": 2, "fields": {"name": "Can change log entry", "content_type": 1, "codename": "change_logentry"}}, {"model": "auth.permission", "pk": 3, "fields": {"name": "Can delete log entry", "content_type": 1, "codename": "delete_logentry"}}, {"model": "auth.permission", "pk": 4, "fields": {"name": "Can view log entry", "content_type": 1, "codename": "view_logentry"}}, {"model": "auth.permission", "pk": 5, "fields": {"name": "Can add permission", "content_type": 2, "codename": "add_permission"}}, {"model": "auth.permission", "pk": 6, "fields": {"name": "Can change permission", "content_type": 2, "codename": "change_permission"}}, {"model": "auth.permission", "pk": 7, "fields": {"name": "Can delete permission", "content_type": 2, "codename": "delete_permission"}}, {"model": "auth.permission", "pk": 8, "fields": {"name": "Can view permission", "content_type": 2, "codename": "view_permission"}}, {"model": "auth.permission", "pk": 9, "fields": {"name": "Can add group", "content_type": 3, "codename": "add_group"}}, {"model": "auth.permission", "pk": 10, "fields": {"name": "Can change group", "content_type": 3, "codename": "change_group"}}, {"model": "auth.permission", "pk": 11, "fields": {"name": "Can delete group", "content_type": 3, "codename": "delete_group"}}, {"model": "auth.permission", "pk": 12, "fields": {"name": "Can view group", "content_type": 3, "codename": "view_group"}}, {"model": "auth.permission", "pk": 13, "fields": {"name": "Can add content type", "content_type": 4, "codename": "add_contenttype"}}, {"model": "auth.permission", "pk": 14, "fields": {"name": "Can change content type", "content_type": 4, "codename": "change_contenttype"}}, {"model": "auth.permission", "pk": 15, "fields": {"name": "Can delete content type", "content_type": 4, "codename": "delete_contenttype"}}, {"model": "auth.permission", "pk": 16, "fields": {"name": "Can view content type", "content_type": 4, "codename": "view_contenttype"}}, {"model": "auth.permission", "pk": 17, "fields": {"name": "Can add session", "content_type": 5, "codename": "add_session"}}, {"model": "auth.permission", "pk": 18, "fields": {"name": "Can change session", "content_type": 5, "codename": "change_session"}}, {"model": "auth.permission", "pk": 19, "fields": {"name": "Can delete session", "content_type": 5, "codename": "delete_session"}}, {"model": "auth.permission", "pk": 20, "fields": {"name": "Can view session", "content_type": 5, "codename": "view_session"}}, {"model": "auth.permission", "pk": 21, "fields": {"name": "Can add category", "content_type": 6, "codename": "add_category"}}, {"model": "auth.permission", "pk": 22, "fields": {"name": "Can change category", "content_type": 6, "codename": "change_category"}}, {"model": "auth.permission", "pk": 23, "fields": {"name": "Can delete category", "content_type": 6, "codename": "delete_category"}}, {"model": "auth.permission", "pk": 24, "fields": {"name": "Can view category", "content_type": 6, "codename": "view_category"}}, {"model": "auth.permission", "pk": 25, "fields": {"name": "Can add account", "content_type": 7, "codename": "add_account"}}, {"model": "auth.permission", "pk": 26, "fields": {"name": "Can change account", "content_type": 7, "codename": "change_account"}}, {"model": "auth.permission", "pk": 27, "fields": {"name": "Can delete account", "content_type": 7, "codename": "delete_account"}}, {"model": "auth.permission", "pk": 28, "fields": {"name": "Can view account", "content_type": 7, "codename": "view_account"}}, {"model": "auth.permission", "pk": 29, "fields": {"name": "Can add product", "content_type": 8, "codename": "add_product"}}, {"model": "auth.permission", "pk": 30, "fields": {"name": "Can change product", "content_type": 8, "codename": "change_product"}}, {"model": "auth.permission", "pk": 31, "fields": {"name": "Can delete product", "content_type": 8, "codename": "delete_product"}}, {"model": "auth.permission", "pk": 32, "fields": {"name": "Can view product", "content_type": 8, "codename": "view_product"}}, {"model": "auth.permission", "pk": 33, "fields": {"name": "Can add cart item", "content_type": 9, "codename": "add_cartitem"}}, {"model": "auth.permission", "pk": 34, "fields": {"name": "Can change cart item", "content_type": 9, "codename": "change_cartitem"}}, {"model": "auth.permission", "pk": 35, "fields": {"name": "Can delete cart item", "content_type": 9, "codename": "delete_cartitem"}}, {"model": "auth.permission", "pk": 36, "fields": {"name": "Can view cart item", "content_type": 9, "codename": "view_cartitem"}}, {"model": "auth.permission", "pk": 37, "fields": {"name": "Can add cart", "content_type": 10, "codename": "add_cart"}}, {"model": "auth.permission", "pk": 38, "fields": {"name": "Can change cart", "content_type": 10, "codename": "change_cart"}}, {"model": "auth.permission", "pk": 39, "fields": {"name": "Can delete cart", "content_type": 10, "codename": "delete_cart"}}, {"model": "auth.permission", "pk": 40, "fields": {"name": "Can view cart", "content_type": 10, "codename": "view_cart"}}, {"model": "auth.permission", "pk": 41, "fields": {"name": "Can add variation", "content_type": 11, "codename": "add_variation"}}, {"model": "auth.permission", "pk": 42, "fields": {"name": "Can change variation", "content_type": 11, "codename": "change_variation"}}, {"model": "auth.permission", "pk": 43, "fields": {"name": "Can delete variation", "content_type": 11, "codename": "delete_variation"}}, {"model": "auth.permission", "pk": 44, "fields": {"name": "Can view variation", "content_type": 11, "codename": "view_variation"}}, {"model": "auth.permission", "pk": 45, "fields": {"name": "Can add order", "content_type": 12, "codename": "add_order"}}, {"model": "auth.permission", "pk": 46, "fields": {"name": "Can change order", "content_type": 12, "codename": "change_order"}}, {"model": "auth.permission", "pk": 47, "fields": {"name": "Can delete order", "content_type": 12, "codename": "delete_order"}}, {"model": "auth.permission", "pk": 48, "fields": {"name": "Can view order", "content_type": 12, "codename": "view_order"}}, {"model": "auth.permission", "pk": 49, "fields": {"name": "Can add payment", "content_type": 13, "codename": "add_payment"}}, {"model": "auth.permission", "pk": 50, "fields": {"name": "Can change payment", "content_type": 13, "codename": "change_payment"}}, {"model": "auth.permission", "pk": 51, "fields": {"name": "Can delete payment", "content_type": 13, "codename": "delete_payment"}}, {"model": "auth.permission", "pk": 52, "fields": {"name": "Can view payment", "content_type": 13, "codename": "view_payment"}}, {"model": "auth.permission", "pk": 53, "fields": {"name": "Can add order product", "content_type": 14, "codename": "add_orderproduct"}}, {"model": "auth.permission", "pk": 54, "fields": {"name": "Can change order product", "content_type": 14, "codename": "change_orderproduct"}}, {"model": "auth.permission", "pk": 55, "fields": {"name": "Can delete order product", "content_type": 14, "codename": "delete_orderproduct"}}, {"model": "auth.permission", "pk": 56, "fields": {"name": "Can view order product", "content_type": 14, "codename": "view_orderproduct"}}, {"model": "auth.permission", "pk": 57, "fields": {"name": "Can add site", "content_type": 15, "codename": "add_site"}}, {"model": "auth.permission", "pk": 58, "fields": {"name": "Can change site", "content_type": 15, "codename": "change_site"}}, {"model": "auth.permission", "pk": 59, "fields": {"name": "Can delete site", "content_type": 15, "codename": "delete_site"}}, {"model": "auth.permission", "pk": 60, "fields": {"name": "Can view site", "content_type": 15, "codename": "view_site"}}, {"model": "auth.permission", "pk": 61, "fields": {"name": "Can add email address", "content_type": 16, "codename": "add_emailaddress"}}, {"model": "auth.permission", "pk": 62, "fields": {"name": "Can change email address", "content_type": 16, "codename": "change_emailaddress"}}, {"model": "auth.permission", "pk": 63, "fields": {"name": "Can delete email address", "content_type": 16, "codename": "delete_emailaddress"}}, {"model": "auth.permission", "pk": 64, "fields": {"name": "Can view email address", "content_type": 16, "codename": "view_emailaddress"}}, {"model": "auth.permission", "pk": 65, "fields": {"name": "Can add email confirmation", "content_type": 17, "codename": "add_emailconfirmation"}}, {"model": "auth.permission", "pk": 66, "fields": {"name": "Can change email confirmation", "content_type": 17, "codename": "change_emailconfirmation"}}, {"model": "auth.permission", "pk": 67, "fields": {"name": "Can delete email confirmation", "content_type": 17, "codename": "delete_emailconfirmation"}}, {"model": "auth.permission", "pk": 68, "fields": {"name": "Can view email confirmation", "content_type": 17, "codename": "view_emailconfirmation"}}, {"model": "auth.permission", "pk": 69, "fields": {"name": "Can add social account", "content_type": 18, "codename": "add_socialaccount"}}, {"model": "auth.permission", "pk": 70, "fields": {"name": "Can change social account", "content_type": 18, "codename": "change_socialaccount"}}, {"model": "auth.permission", "pk": 71, "fields": {"name": "Can delete social account", "content_type": 18, "codename": "delete_socialaccount"}}, {"model": "auth.permission", "pk": 72, "fields": {"name": "Can view social account", "content_type": 18, "codename": "view_socialaccount"}}, {"model": "auth.permission", "pk": 73, "fields": {"name": "Can add social application", "content_type": 19, "codename": "add_socialapp"}}, {"model": "auth.permission", "pk": 74, "fields": {"name": "Can change social application", "content_type": 19, "codename": "change_socialapp"}}, {"model": "auth.permission", "pk": 75, "fields": {"name": "Can delete social application", "content_type": 19, "codename": "delete_socialapp"}}, {"model": "auth.permission", "pk": 76, "fields": {"name": "Can view social application", "content_type": 19, "codename": "view_socialapp"}}, {"model": "auth.permission", "pk": 77, "fields": {"name": "Can add social application token", "content_type": 20, "codename": "add_socialtoken"}}, {"model": "auth.permission", "pk": 78, "fields": {"name": "Can change social application token", "content_type": 20, "codename": "change_socialtoken"}}, {"model": "auth.permission", "pk": 79, "fields": {"name": "Can delete social application token", "content_type": 20, "codename": "delete_socialtoken"}}, {"model": "auth.permission", "pk": 80, "fields": {"name": "Can view social application token", "content_type": 20, "codename": "view_socialtoken"}}, {"model": "contenttypes.contenttype", "pk": 1, "fields": {"app_label": "admin", "model": "logentry"}}, {"model": "contenttypes.contenttype", "pk": 2, "fields": {"app_label": "auth", "model": "permission"}}, {"model": "contenttypes.contenttype", "pk": 3, "fields": {"app_label": "auth", "model": "group"}}, {"model": "contenttypes.contenttype", "pk": 4, "fields": {"app_label": "contenttypes", "model": "contenttype"}}, {"model": "contenttypes.contenttype", "pk": 5, "fields": {"app_label": "sessions", "model": "session"}}, {"model": "contenttypes.contenttype", "pk": 6, "fields": {"app_label": "category", "model": "category"}}, {"model": "contenttypes.contenttype", "pk": 7, "fields": {"app_label": "accounts", "model": "account"}}, {"model": "contenttypes.contenttype", "pk": 8, "fields": {"app_label": "store", "model": "product"}}, {"model": "contenttypes.contenttype", "pk": 9, "fields": {"app_label": "carts", "model": "cartitem"}}, {"model": "contenttypes.contenttype", "pk": 10, "fields": {"app_label": "carts", "model": "cart"}}, {"model": "contenttypes.contenttype", "pk": 11, "fields": {"app_label": "store", "model": "variation"}}, {"model": "contenttypes.contenttype", "pk": 12, "fields": {"app_label": "orders", "model": "order"}}, {"model": "contenttypes.contenttype", "pk": 13, "fields": {"app_label": "orders", "model": "payment"}}, {"model": "contenttypes.contenttype", "pk": 14, "fields": {"app_label": "orders", "model": "orderproduct"}}, {"model": "contenttypes.contenttype", "pk": 15, "fields": {"app_label": "sites", "model": "site"}}, {"model": "contenttypes.contenttype", "pk": 16, "fields": {"app_label": "account", "model": "emailaddress"}}, {"model": "contenttypes.contenttype", "pk": 17, "fields": {"app_label": "account", "model": "emailconfirmation"}}, {"model": "contenttypes.contenttype", "pk": 18, "fields": {"app_label": "socialaccount", "model": "socialaccount"}}, {"model": "contenttypes.contenttype", "pk": 19, "fields": {"app_label": "socialaccount", "model": "socialapp"}}, {"model": "contenttypes.contenttype", "pk": 20, "fields": {"app_label": "socialaccount", "model": "socialtoken"}}, {"model": "sessions.session", "pk": "02wbwltkklo52gzoqnvf7b7dvsxvo6rm", "fields": {"session_data": "e30:1p4FmL:ZcsBbT4qH23wPKxnJb9c7ZeRQg1emSZZO2bmhOTh7oY", "expire_date": "2022-12-25T06:25:37.319Z"}}, {"model": "sessions.session", "pk": "15ygjwen5ujxmcefnz9xorcduyx69n8a", "fields": {"session_data": ".eJxVjMsOwiAQRf-FtSG8YVy69xvIAINUDU1KuzL-uzbpQrf3nHNfLOK2trgNWuJU2JlJdvrdEuYH9R2UO_bbzPPc12VKfFf4QQe_zoWel8P9O2g42rdOYDR55YGCzUK5AqIW5SAIq2QlAo9ktDSuBtTgcnGehFagpcRgBbD3B8b6Ns4:1p6C2Z:6xZlkkOp0GifHVU1835etYDOm1vnbbFA4EKbP1SDmpA", "expire_date": "2022-12-30T14:50:23.965Z"}}, {"model": "sessions.session", "pk": "1a9qyrpdbs1qzfnju9nst0rrf27pv4d0", "fields": {"session_data": ".eJxVjMEOgyAQRP-Fc2MQAYm39kfIsrtEUoqJQi9N_73aePE4b2beRwDi0kr1b15TTEyeX5CymErL-SY8tDr7tvHqE4lJaCUuMAA-uRwN5Hzg7vR1_81Zb919T1xqQqhpKY_zdVHNsM27B6PkIK0BaaVDR4CjUTYShwg8ONKsjWKKph_UwNaOpMiO6KyTvcSA4vsD2KJImw:1p4Uab:KWI_kqg7_elciRpaZ1FJajFA3OPz7nf3rny6wgSiUG0", "expire_date": "2022-12-25T22:14:29.276Z"}}, {"model": "sessions.session", "pk": "308535ur04gk4lh73z59luy9dplhqq4a", "fields": {"session_data": "e30:1oye7a:JLBGGwO5bNFH-1EmoJPf7End-yXncS8VcFNb1J5WWCo", "expire_date": "2022-12-09T19:12:22.667Z"}}, {"model": "sessions.session", "pk": "54r7ifn2pajc9b4yc8ri8ybi9r4g8flk", "fields": {"session_data": "e30:1ozK8a:cNwc6DXs18i8odVbg__bZ39X_t6-pSc45iFjIoTiIVU", "expire_date": "2022-12-11T16:04:12.846Z"}}, {"model": "sessions.session", "pk": "56nn6ym68qqghzf1n95qua2pgz054l4h", "fields": {"session_data": ".eJxVjMsOwiAQRf-FtSG8YVy69xvIAINUDU1KuzL-uzbpQrf3nHNfLOK2trgNWuJU2JlJdvrdEuYH9R2UO_bbzPPc12VKfFf4QQe_zoWel8P9O2g42rdOYDR55YGCzUK5AqIW5SAIq2QlAo9ktDSuBtTgcnGehFagpcRgBbD3B8b6Ns4:1p1WkN:kbXavkpiVWP7fJMueSSCfbWx20WbwcW6UIQ6SPrH8qM", "expire_date": "2022-12-17T17:56:19.301Z"}}, {"model": "sessions.session", "pk": "5m1so2suygpfm6n1cc6uo9o4xpj7ndkk", "fields": {"session_data": ".eJxVjMsOwiAQRf-FtSG8YVy69xvIAINUDU1KuzL-uzbpQrf3nHNfLOK2trgNWuJU2JlJdvrdEuYH9R2UO_bbzPPc12VKfFf4QQe_zoWel8P9O2g42rdOYDR55YGCzUK5AqIW5SAIq2QlAo9ktDSuBtTgcnGehFagpcRgBbD3B8b6Ns4:1p4MZb:cD-Nmt1mGDeefF29DtcfQ9uDMH2pz2Ag4h8YYSE14Og", "expire_date": "2022-12-25T13:40:55.154Z"}}, {"model": "sessions.session", "pk": "6a7ab6knafdr59max776rdoqf9o0dlp3", "fields": {"session_data": "e30:1p4NRc:0AMmpx5ep1gygost9rdU0HpmiOwHuz6eq2q9se64xm4", "expire_date": "2022-12-25T14:36:44.440Z"}}, {"model": "sessions.session", "pk": "8y6upnazp8rddmqsxzkwvhzsq0xifomh", "fields": {"session_data": "e30:1p6C1R:__VaWKXdlzcfludcE7ONTkEVWwYkCwp9rLo_zjKbYVk", "expire_date": "2022-12-30T14:49:13.152Z"}}, {"model": "sessions.session", "pk": "ad8u840upsvysn61zi1gs40exd1vyvc9", "fields": {"session_data": ".eJwVirEKgEAMxf7lzYK7m-Du5CAiUsqhB9oetooi_rvnloQ8MOVIKzHrIT6ZkwdUwwMJl6NCiQJpVw5m2Vado-RirClvyEiHL1OinbZ_wFvgukXOpu7bu1swvh-sZiFm:1p5uJn:Xq2qNIUArOql2USHPm3iZ736RbY2PGUgv_kY4HZOaTM", "expire_date": "2022-12-29T19:54:59.547Z"}}, {"model": "sessions.session", "pk": "cyeizdxr2f1zy5q0mvoem40lkhiq3ym3", "fields": {"session_data": "e30:1p1QOW:_fSeqBIFQJZYVJsr49yl_-xLCTJiqx8Vf-oEE1d2XsE", "expire_date": "2022-12-17T11:09:20.726Z"}}, {"model": "sessions.session", "pk": "k4kwihbeblx1zqtjkvhxu6ramoonrjog", "fields": {"session_data": "e30:1p4UND:p8zmA0ywR4kN2drMHRNjy1u3NP3w2R3gO9lwjj-u3sU", "expire_date": "2022-12-25T22:00:39.101Z"}}, {"model": "sessions.session", "pk": "kd3zaskdclvtpi8pu0rmm71qkc8rozcl", "fields": {"session_data": "e30:1p6zot:k0Kbkw2twklslxnbhIodODkItE8xsR-5mtmqSOisGIM", "expire_date": "2023-01-01T19:59:35.970Z"}}, {"model": "sessions.session", "pk": "m0k03xrc4wmf0sekskko0bwz1hq98od0", "fields": {"session_data": "e30:1p3zZE:KwjRD8B-HIHFG_FviSuU0BegRgF6mjsFokC3aK4skwE", "expire_date": "2022-12-24T13:07:00.202Z"}}, {"model": "sessions.session", "pk": "m4rikq1fyul9srq0tz5enzw0h7ci35yj", "fields": {"session_data": "e30:1p00ox:Ftk_PgDSk95ulofdMTgT1liwoHqQUQKvoaGPod5hvQI", "expire_date": "2022-12-13T13:38:47.780Z"}}, {"model": "sessions.session", "pk": "swskraelxhnmootd72qhcfimruzdi6a7", "fields": {"session_data": ".eJxVjMsOwiAQRf-FtSG8YVy69xvIAINUDU1KuzL-uzbpQrf3nHNfLOK2trgNWuJU2JlJdvrdEuYH9R2UO_bbzPPc12VKfFf4QQe_zoWel8P9O2g42rdOYDR55YGCzUK5AqIW5SAIq2QlAo9ktDSuBtTgcnGehFagpcRgBbD3B8b6Ns4:1p3ztL:SMmYHooPVt885LIL6s5ngvagesPGzFMjrO0kKGchJK4", "expire_date": "2022-12-24T13:27:47.405Z"}}, {"model": "sessions.session", "pk": "wvgth4zd96kz1ugl5hal047m8bqgf3n5", "fields": {"session_data": ".eJxVjMsOwiAQRf-FtSFMoTxcuvcbyHQYpGogKe3K-O_apAvd3nPOfYmI21ri1nmJcxJnAUacfscJ6cF1J-mO9dYktbou8yR3RR60y2tL_Lwc7t9BwV6-tc0GVA4AngZWLjul0XgbPCSHyhEB64CDBrTJ2OwNWRwNkULOIfEo3h_ulzgG:1p4HCs:1bjyDXpmS_Bn2dEteII7GRw3ayCTwC5i3AIHbRLTEFs", "expire_date": "2022-12-25T07:57:06.985Z"}}, {"model": "sessions.session", "pk": "xmtw3n8ze4fgzrvju1sf1yy0rfieuwdf", "fields": {"session_data": "e30:1ozzDb:UbygidWRx9Kca79eYbdtbaJRCTSQYAmxHFNho5dv2qY", "expire_date": "2022-12-13T11:56:07.398Z"}}, {"model": "sites.site", "pk": 1, "fields": {"domain": "http://127.0.0.1:8000", "name": "DigiCom"}}, {"model": "category.category", "pk": 1, "fields": {"category_name": "Shirts", "slug": "shirts", "description": "this is demo shirts description", "cat_image": "photos/categories/shirts.jpg"}}, {"model": "category.category", "pk": 2, "fields": {"category_name": "T shirts", "slug": "t-shirts", "description": "this is autopopulated slug category tshirts", "cat_image": "photos/categories/tshirts.jpg"}}, {"model": "category.category", "pk": 3, "fields": {"category_name": "Jackets", "slug": "jackets", "description": "this is test categoryJackets", "cat_image": "photos/categories/jackets.jpg"}}, {"model": "category.category", "pk": 4, "fields": {"category_name": "Jeans", "slug": "jeans", "description": "this is Jeans category", "cat_image": "photos/categories/jeans.jpg"}}, {"model": "category.category", "pk": 5, "fields": {"category_name": "Shoes", "slug": "shoes", "description": "this is Shoes category", "cat_image": "photos/categories/shoes.png"}}, {"model": "category.category", "pk": 9, "fields": {"category_name": "Sarees", "slug": "sarees", "description": "Sarees", "cat_image": ""}}, {"model": "category.category", "pk": 10, "fields": {"category_name": "Sweaters & Cardigans", "slug": "sweaters-cardigans", "description": "Sweaters & Cardigans", "cat_image": ""}}, {"model": "category.category", "pk": 11, "fields": {"category_name": "Sweatshirts & Hoodies", "slug": "sweatshirts-hoodies", "description": "Sweatshirts & Hoodies", "cat_image": ""}}, {"model": "category.category", "pk": 12, "fields": {"category_name": "Trousers & Pants", "slug": "trousers-pants", "description": "Trousers & Pants", "cat_image": ""}}, {"model": "category.category", "pk": 13, "fields": {"category_name": "Kurta Suit Sets", "slug": "kurta-suit-sets", "description": "Kurta Suit Sets", "cat_image": ""}}, {"model": "category.category", "pk": 14, "fields": {"category_name": "Women's Ethnic", "slug": "womens-ethnic", "description": "Women's Ethnic", "cat_image": ""}}, {"model": "category.category", "pk": 15, "fields": {"category_name": "Sandals", "slug": "sandals", "description": "Sandals", "cat_image": ""}}, {"model": "category.category", "pk": 16, "fields": {"category_name": "Kurtas", "slug": "kurtas", "description": "Kurtas", "cat_image": ""}}, {"model": "category.category", "pk": 17, "fields": {"category_name": "Men's Garments", "slug": "mens-garments", "description": "Men's Garments", "cat_image": ""}}, {"model": "category.category", "pk": 18, "fields": {"category_name": "Tops & Tunics", "slug": "tops-tunics", "description": "Tops & Tunics", "cat_image": ""}}, {"model": "category.category", "pk": 19, "fields": {"category_name": "Jeans & Jeggings", "slug": "jeans-jeggings", "description": "Jeans & Jeggings", "cat_image": ""}}, {"model": "category.category", "pk": 20, "fields": {"category_name": "Women's Western", "slug": "womens-western", "description": "Women's Western", "cat_image": ""}}, {"model": "category.category", "pk": 21, "fields": {"category_name": "Leggings", "slug": "leggings", "description": "Leggings", "cat_image": ""}}, {"model": "category.category", "pk": 22, "fields": {"category_name": "Footwear", "slug": "footwear", "description": "Footwear", "cat_image": ""}}, {"model": "category.category", "pk": 23, "fields": {"category_name": "Dhoti", "slug": "dhoti", "description": "Dhoti", "cat_image": ""}}, {"model": "category.category", "pk": 24, "fields": {"category_name": "Casual Shoes", "slug": "casual-shoes", "description": "Casual Shoes", "cat_image": ""}}, {"model": "category.category", "pk": 25, "fields": {"category_name": "Dress Material", "slug": "dress-material", "description": "Dress Material", "cat_image": ""}}, {"model": "category.category", "pk": 26, "fields": {"category_name": "Sports Shoes", "slug": "sports-shoes", "description": "Sports Shoes", "cat_image": ""}}, {"model": "category.category", "pk": 27, "fields": {"category_name": "Sweatshirt & Hoodies", "slug": "sweatshirt-hoodies", "description": "Sweatshirt & Hoodies", "cat_image": ""}}, {"model": "category.category", "pk": 28, "fields": {"category_name": "Dresses", "slug": "dresses", "description": "Dresses", "cat_image": ""}}, {"model": "category.category", "pk": 29, "fields": {"category_name": "Shorts", "slug": "shorts", "description": "Shorts", "cat_image": ""}}, {"model": "category.category", "pk": 30, "fields": {"category_name": "Tshirts", "slug": "tshirts", "description": "Tshirts", "cat_image": ""}}, {"model": "category.category", "pk": 31, "fields": {"category_name": "Formal Shoes", "slug": "formal-shoes", "description": "Formal Shoes", "cat_image": ""}}, {"model": "category.category", "pk": 32, "fields": {"category_name": "Handbags", "slug": "handbags", "description": "Handbags", "cat_image": ""}}, {"model": "category.category", "pk": 33, "fields": {"category_name": "830313003", "slug": "830313003", "description": "830313003", "cat_image": ""}}, {"model": "category.category", "pk": 34, "fields": {"category_name": "Kurtis & Tunics", "slug": "kurtis-tunics", "description": "Kurtis & Tunics", "cat_image": ""}}, {"model": "category.category", "pk": 35, "fields": {"category_name": "Nightshirts&Nighties", "slug": "nightshirtsnighties", "description": "Nightshirts&Nighties", "cat_image": ""}}, {"model": "category.category", "pk": 36, "fields": {"category_name": "830316018", "slug": "830316018", "description": "830316018", "cat_image": ""}}, {"model": "category.category", "pk": 37, "fields": {"category_name": "Shirts, Tops & Tunic", "slug": "shirts-tops-tunic", "description": "Shirts, Tops & Tunic", "cat_image": ""}}, {"model": "category.category", "pk": 38, "fields": {"category_name": "Shrugs & Boleros", "slug": "shrugs-boleros", "description": "Shrugs & Boleros", "cat_image": ""}}, {"model": "category.category", "pk": 39, "fields": {"category_name": "Dungarees &Playsuits", "slug": "dungarees-playsuits", "description": "Dungarees &Playsuits", "cat_image": ""}}, {"model": "category.category", "pk": 40, "fields": {"category_name": "Bras", "slug": "bras", "description": "Bras", "cat_image": ""}}, {"model": "category.category", "pk": 41, "fields": {"category_name": "Dupattas", "slug": "dupattas", "description": "Dupattas", "cat_image": ""}}, {"model": "category.category", "pk": 42, "fields": {"category_name": "Track Pants", "slug": "track-pants", "description": "Track Pants", "cat_image": ""}}, {"model": "category.category", "pk": 43, "fields": {"category_name": "Tops", "slug": "tops", "description": "Tops", "cat_image": ""}}, {"model": "accounts.account", "pk": 1, "fields": {"password": "pbkdf2_sha256$390000$ivbagynMUIK1fv8wKfAOye$YKnJIO5lDeWR4zQdCWCYugnU/effzl+GDwmk8wj0Szc=", "first_name": "raghav", "last_name": "rastogi", "username": "admin", "email": "raghavrastogi09@gmail.com", "phone_number": "", "date_joined": "2022-11-20T18:24:20.223Z", "last_login": "2022-12-16T14:50:23.960Z", "is_admin": true, "is_staff": true, "is_active": true, "is_superadmin": true}}, {"model": "accounts.account", "pk": 2, "fields": {"password": "pbkdf2_sha256$216000$qhIORgBORw0C$PZzgQaFV3sNLK/24SHKkpZ2h8TfoRDgZHWpQu4GRQA4=", "first_name": "raghav", "last_name": "rastogi", "username": "raghav001", "email": "raghav001@gmail.com", "phone_number": "990099", "date_joined": "2022-11-27T15:09:15.082Z", "last_login": "2022-11-27T15:09:15.082Z", "is_admin": false, "is_staff": false, "is_active": false, "is_superadmin": false}}, {"model": "accounts.account", "pk": 3, "fields": {"password": "pbkdf2_sha256$216000$Ww7EcLQo2Xsh$l2+0sowIigaZPkCJTY9IyCfsvYUjmC0wsNsqygDuJQQ=", "first_name": "raghav", "last_name": "rastogi", "username": "raghav002", "email": "raghav002@gmail.com", "phone_number": "999000111", "date_joined": "2022-11-27T15:25:44.216Z", "last_login": "2022-11-27T15:25:44.216Z", "is_admin": false, "is_staff": false, "is_active": false, "is_superadmin": false}}, {"model": "accounts.account", "pk": 4, "fields": {"password": "pbkdf2_sha256$216000$UNDSo32LKdvA$tE1p5aEsVQG9SwPEBWYf5VDP9h80P/mp0PJIQys24ZE=", "first_name": "raghav", "last_name": "rastogi", "username": "raghav003", "email": "raghav003@gmail.com", "phone_number": "9990002323", "date_joined": "2022-11-27T15:27:23.247Z", "last_login": "2022-11-27T15:27:23.247Z", "is_admin": false, "is_staff": false, "is_active": false, "is_superadmin": false}}, {"model": "accounts.account", "pk": 5, "fields": {"password": "pbkdf2_sha256$216000$xjcpgsXXbdYy$IvuOHMaSwqPG5FiFvrQKI8WfzkBWLWQMSn+pLpOeyi0=", "first_name": "raghav", "last_name": "rastogi", "username": "raghav004", "email": "raghav004@gmail.com", "phone_number": "91999", "date_joined": "2022-11-27T15:49:22.986Z", "last_login": "2022-11-27T15:49:22.986Z", "is_admin": false, "is_staff": false, "is_active": false, "is_superadmin": false}}, {"model": "accounts.account", "pk": 6, "fields": {"password": "pbkdf2_sha256$216000$UDul8LnwOxh5$BDEvPp/CN/PzR5YZ9g77AeVqGteub0bjHhjeQcGHIIc=", "first_name": "raghav", "last_name": "rastogi", "username": "raghav005", "email": "raghav005@gmail.com", "phone_number": "99009900", "date_joined": "2022-11-29T10:24:54.510Z", "last_login": "2022-12-03T11:30:41.138Z", "is_admin": false, "is_staff": false, "is_active": true, "is_superadmin": false}}, {"model": "accounts.account", "pk": 14, "fields": {"password": "pbkdf2_sha256$390000$79VU2wYd3cDHa6i5GhGtch$1b1t5zkEZlB29IHRD0rAPTwvULJh8ZkFSYVZS28Nj0M=", "first_name": "raghav", "last_name": "rastogi", "username": "wanderlust.we.009", "email": "wanderlust.we.009@gmail.com", "phone_number": "9990009990", "date_joined": "2022-12-01T14:31:05.326Z", "last_login": "2022-12-11T13:33:48.000Z", "is_admin": false, "is_staff": false, "is_active": true, "is_superadmin": false}}, {"model": "accounts.account", "pk": 42, "fields": {"password": "!imQGsxjEDuMtbAcOK7BwNG1712ROk1P3ni0hAGPh", "first_name": "shradha", "last_name": "rastogi", "username": "shradha", "email": "shradharastogi13@gmail.com", "phone_number": null, "date_joined": "2022-12-11T22:13:57.137Z", "last_login": "2022-12-15T19:55:31.826Z", "is_admin": false, "is_staff": false, "is_active": true, "is_superadmin": false}}, {"model": "store.product", "pk": 417, "fields": {"product_name": "Polyester Checks Casual Shirts", "slug": "polyester-checks-casual-shirts", "description": "HARDSODAShirtsPolyester Checks Casual Shirts", "brand": "HARDSODA", "price": 917, "mrp_price": 1499, "url_height": 150, "url_width": 75, "images": "photos/images/xaa_55.jpeg", "stock": 999, "is_available": true, "category": 1, "created_date": "2022-12-16T21:55:39.813Z", "modified_date": "2022-12-16T21:55:39.813Z"}}, {"model": "store.product", "pk": 418, "fields": {"product_name": "Washed Slim Fit Jeans", "slug": "washed-slim-fit-jeans", "description": "ECKOJeansWashed Slim Fit Jeans", "brand": "ECKO", "price": 0, "mrp_price": 0, "url_height": 150, "url_width": 75, "images": "photos/images/xaa_153.jpeg", "stock": 999, "is_available": true, "category": 4, "created_date": "2022-12-16T21:55:39.831Z", "modified_date": "2022-12-16T21:55:39.831Z"}}, {"model": "store.product", "pk": 419, "fields": {"product_name": "Brasso Printed Regular Saree", "slug": "brasso-printed-regular-saree", "description": "JUSTVVVSareesBrasso Printed Regular Saree", "brand": "JUSTVVV", "price": 576, "mrp_price": 1499, "url_height": 150, "url_width": 75, "images": "photos/images/xaa_1.jpeg", "stock": 999, "is_available": true, "category": 9, "created_date": "2022-12-16T21:55:39.842Z", "modified_date": "2022-12-16T21:55:39.842Z"}}, {"model": "store.product", "pk": 420, "fields": {"product_name": "Knitted Crew-Neck Pullover", "slug": "knitted-crew-neck-pullover", "description": "DNMXSweaters & CardigansKnitted Crew-Neck Pullover", "brand": "DNMX", "price": 624, "mrp_price": 1299, "url_height": 150, "url_width": 75, "images": "photos/images/xaa_0.jpeg", "stock": 998, "is_available": true, "category": 10, "created_date": "2022-12-16T21:55:39.853Z", "modified_date": "2022-12-16T22:08:04.832Z"}}, {"model": "store.product", "pk": 421, "fields": {"product_name": "Washed Slim Fit Jogger Jeans", "slug": "washed-slim-fit-jogger-jeans", "description": "JOHN PLAYERS JEANSJeansWashed Slim Fit Jogger Jeans", "brand": "JOHN PLAYERS JEANS", "price": 980, "mrp_price": 1999, "url_height": 150, "url_width": 75, "images": "photos/images/xaa_104.jpeg", "stock": 999, "is_available": true, "category": 4, "created_date": "2022-12-16T21:55:39.866Z", "modified_date": "2022-12-16T21:55:39.866Z"}}, {"model": "store.product", "pk": 422, "fields": {"product_name": "Blended Printed Sweatshirt", "slug": "blended-printed-sweatshirt", "description": "TOM HIDDLESweatshirts & HoodiesBlended Printed Sweatshirt", "brand": "TOM HIDDLE", "price": 284, "mrp_price": 999, "url_height": 150, "url_width": 75, "images": "photos/images/xaa_99.jpeg", "stock": 999, "is_available": true, "category": 11, "created_date": "2022-12-16T21:55:39.894Z", "modified_date": "2022-12-16T21:55:39.894Z"}}, {"model": "store.product", "pk": 423, "fields": {"product_name": "Slim Fit Cargo Pants", "slug": "slim-fit-cargo-pants", "description": "DNMXTrousers & PantsSlim Fit Cargo Pants", "brand": "DNMX", "price": 1139, "mrp_price": 1899, "url_height": 150, "url_width": 75, "images": "photos/images/xaa_166.jpeg", "stock": 999, "is_available": true, "category": 12, "created_date": "2022-12-16T21:55:39.906Z", "modified_date": "2022-12-16T21:55:39.906Z"}}, {"model": "store.product", "pk": 424, "fields": {"product_name": "Cotton Mix Printed Regular Saree", "slug": "cotton-mix-printed-regular-saree", "description": "ONLY VIMALSareesCotton Mix Printed Regular Saree", "brand": "ONLY VIMAL", "price": 612, "mrp_price": 2099, "url_height": 150, "url_width": 75, "images": "photos/images/xaa_107.jpeg", "stock": 999, "is_available": true, "category": 9, "created_date": "2022-12-16T21:55:39.940Z", "modified_date": "2022-12-16T21:55:39.940Z"}}, {"model": "store.product", "pk": 425, "fields": {"product_name": "Silk Lace SuitSet", "slug": "silk-lace-suitset", "description": "MYSHKAKurta Suit SetsSilk Lace SuitSet", "brand": "MYSHKA", "price": 1178, "mrp_price": 5999, "url_height": 150, "url_width": 75, "images": "photos/images/xaa_112.jpeg", "stock": 999, "is_available": true, "category": 13, "created_date": "2022-12-16T21:55:39.953Z", "modified_date": "2022-12-16T21:55:39.953Z"}}, {"model": "store.product", "pk": 426, "fields": {"product_name": "Denim Slim Jeans", "slug": "denim-slim-jeans", "description": "SPARKYJeansDenim Slim Jeans", "brand": "SPARKY", "price": 1006, "mrp_price": 1599, "url_height": 150, "url_width": 75, "images": "photos/images/xaa_140.jpeg", "stock": 999, "is_available": true, "category": 4, "created_date": "2022-12-16T21:55:39.966Z", "modified_date": "2022-12-16T21:55:39.966Z"}}, {"model": "store.product", "pk": 427, "fields": {"product_name": "Apple Sarees Pvt. Ltd. Cotton Silk Woven Saree Set Of 12", "slug": "apple-sarees-pvt-ltd-cotton-silk-woven-saree-set-of-12", "description": "Apple Sarees Pvt. Ltd.Women's EthnicApple Sarees Pvt. Ltd. Cotton Silk Woven Saree Set Of 12", "brand": "Apple Sarees Pvt. Ltd.", "price": 546, "mrp_price": 1200, "url_height": 150, "url_width": 75, "images": "photos/images/xaa_97.jpeg", "stock": 999, "is_available": true, "category": 14, "created_date": "2022-12-16T21:55:39.978Z", "modified_date": "2022-12-16T21:55:39.978Z"}}, {"model": "store.product", "pk": 428, "fields": {"product_name": "Colorblock Slip-On Sandals", "slug": "colorblock-slip-on-sandals", "description": "HUNTERS BAYSandalsColorblock Slip-On Sandals", "brand": "HUNTERS BAY", "price": 799, "mrp_price": 999, "url_height": 150, "url_width": 75, "images": "photos/images/xaa_67.jpeg", "stock": 999, "is_available": true, "category": 15, "created_date": "2022-12-16T21:55:39.990Z", "modified_date": "2022-12-16T21:55:39.990Z"}}, {"model": "store.product", "pk": 429, "fields": {"product_name": "Cotton Printed Shirt", "slug": "cotton-printed-shirt", "description": "SHEVRONShirtsCotton Printed Shirt", "brand": "SHEVRON", "price": 433, "mrp_price": 899, "url_height": 150, "url_width": 75, "images": "photos/images/xaa_108.jpeg", "stock": 999, "is_available": true, "category": 1, "created_date": "2022-12-16T21:55:40.016Z", "modified_date": "2022-12-16T21:55:40.016Z"}}, {"model": "store.product", "pk": 430, "fields": {"product_name": "Abstract Print A-Line Kurta", "slug": "abstract-print-a-line-kurta", "description": "JOMPERSKurtasAbstract Print A-Line Kurta", "brand": "JOMPERS", "price": 800, "mrp_price": 1999, "url_height": 150, "url_width": 75, "images": "photos/images/xaa_36.jpeg", "stock": 999, "is_available": true, "category": 16, "created_date": "2022-12-16T21:55:40.028Z", "modified_date": "2022-12-16T21:55:40.028Z"}}, {"model": "store.product", "pk": 431, "fields": {"product_name": "Zulements 100% Bio Washed Cotton Round Neck Graphic Print T-Shirt for Men", "slug": "zulements-100-bio-washed-cotton-round-neck-graphic-print-t-shirt-for-men", "description": "ZulementsMen's GarmentsZulements 100% Bio Washed Cotton Round Neck Graphic Print T-Shirt for Men", "brand": "Zulements", "price": 0, "mrp_price": 0, "url_height": 150, "url_width": 75, "images": "photos/images/xaa_81.jpeg", "stock": 999, "is_available": true, "category": 17, "created_date": "2022-12-16T21:55:40.052Z", "modified_date": "2022-12-16T21:55:40.052Z"}}, {"model": "store.product", "pk": 432, "fields": {"product_name": "Twill Checks Casual Shirts", "slug": "twill-checks-casual-shirts", "description": "NEVERDOWNShirtsTwill Checks Casual Shirts", "brand": "NEVERDOWN", "price": 341, "mrp_price": 920, "url_height": 150, "url_width": 75, "images": "photos/images/xaa_45.jpeg", "stock": 999, "is_available": true, "category": 1, "created_date": "2022-12-16T21:55:40.065Z", "modified_date": "2022-12-16T21:55:40.065Z"}}, {"model": "store.product", "pk": 433, "fields": {"product_name": "Checked Top with Button Closure", "slug": "checked-top-with-button-closure", "description": "GINI & JONYTops & TunicsChecked Top with Button Closure", "brand": "GINI & JONY", "price": 540, "mrp_price": 1199, "url_height": 150, "url_width": 75, "images": "photos/images/xaa_167.jpeg", "stock": 999, "is_available": true, "category": 18, "created_date": "2022-12-16T21:55:40.086Z", "modified_date": "2022-12-16T21:55:40.086Z"}}, {"model": "store.product", "pk": 434, "fields": {"product_name": "Art Silk Printed Regular Saree", "slug": "art-silk-printed-regular-saree", "description": "RITUJASareesArt Silk Printed Regular Saree", "brand": "RITUJA", "price": 545, "mrp_price": 699, "url_height": 150, "url_width": 75, "images": "photos/images/xaa_6.jpeg", "stock": 999, "is_available": true, "category": 9, "created_date": "2022-12-16T21:55:40.123Z", "modified_date": "2022-12-16T21:55:40.123Z"}}, {"model": "store.product", "pk": 435, "fields": {"product_name": "Printed Cotton Saree with Blouse Piece", "slug": "printed-cotton-saree-with-blouse-piece", "description": "PERFECTBLUESareesPrinted Cotton Saree with Blouse Piece", "brand": "PERFECTBLUE", "price": 1800, "mrp_price": 5999, "url_height": 150, "url_width": 75, "images": "photos/images/xaa_83.jpeg", "stock": 999, "is_available": true, "category": 9, "created_date": "2022-12-16T21:55:40.135Z", "modified_date": "2022-12-16T21:55:40.135Z"}}, {"model": "store.product", "pk": 436, "fields": {"product_name": "Cotton Stripes Regular Saree", "slug": "cotton-stripes-regular-saree", "description": "GRUBSTAKERSareesCotton Stripes Regular Saree", "brand": "GRUBSTAKER", "price": 182, "mrp_price": 999, "url_height": 150, "url_width": 75, "images": "photos/images/xaa_113.jpeg", "stock": 999, "is_available": true, "category": 9, "created_date": "2022-12-16T21:55:40.168Z", "modified_date": "2022-12-16T21:55:40.168Z"}}, {"model": "store.product", "pk": 437, "fields": {"product_name": "PC Skinny Jeans", "slug": "pc-skinny-jeans", "description": "BLUE TRENDJeans & JeggingsPC Skinny Jeans", "brand": "BLUE TREND", "price": 488, "mrp_price": 999, "url_height": 150, "url_width": 75, "images": "photos/images/xaa_23.jpeg", "stock": 999, "is_available": true, "category": 19, "created_date": "2022-12-16T21:55:40.179Z", "modified_date": "2022-12-16T21:55:40.179Z"}}, {"model": "store.product", "pk": 438, "fields": {"product_name": "Kids N Kidz Regular Fit Mid Rise Basic / Plain Jeans for Women Set Of 5", "slug": "kids-n-kidz-regular-fit-mid-rise-basic-plain-jeans-for-women-set-of-5", "description": "Kids N KidzWomen's WesternKids N Kidz Regular Fit Mid Rise Basic / Plain Jeans for Women Set Of 5", "brand": "Kids N Kidz", "price": 464, "mrp_price": 2210, "url_height": 150, "url_width": 75, "images": "photos/images/xaa_85.jpeg", "stock": 999, "is_available": true, "category": 20, "created_date": "2022-12-16T21:55:40.189Z", "modified_date": "2022-12-16T21:55:40.189Z"}}, {"model": "store.product", "pk": 439, "fields": {"product_name": "Ankle-Length Leggings with Elasticated Waist", "slug": "ankle-length-leggings-with-elasticated-waist", "description": "AVAASA MIX N' MATCHLeggingsAnkle-Length Leggings with Elasticated Waist", "brand": "AVAASA MIX N' MATCH", "price": 359, "mrp_price": 399, "url_height": 150, "url_width": 75, "images": "photos/images/xaa_163.jpeg", "stock": 999, "is_available": true, "category": 21, "created_date": "2022-12-16T21:55:40.209Z", "modified_date": "2022-12-16T21:55:40.209Z"}}, {"model": "store.product", "pk": 440, "fields": {"product_name": "Rayon Floral Palazzo SuitSet", "slug": "rayon-floral-palazzo-suitset", "description": "PRAKHYAKurta Suit SetsRayon Floral Palazzo SuitSet", "brand": "PRAKHYA", "price": 811, "mrp_price": 1998, "url_height": 150, "url_width": 75, "images": "photos/images/xaa_151.jpeg", "stock": 999, "is_available": true, "category": 13, "created_date": "2022-12-16T21:55:40.220Z", "modified_date": "2022-12-16T21:55:40.220Z"}}, {"model": "store.product", "pk": 441, "fields": {"product_name": "Zulements 100% Bio Washed Cotton Round Neck Message / Quote / Text Print T-Shirt for Men", "slug": "zulements-100-bio-washed-cotton-round-neck-message-quote-text-print-t-shirt-for-men", "description": "ZulementsMen's GarmentsZulements 100% Bio Washed Cotton Round Neck Message / Quote / Text Print T-Shirt for Men", "brand": "Zulements", "price": 0, "mrp_price": 0, "url_height": 150, "url_width": 75, "images": "photos/images/xaa_27.jpeg", "stock": 999, "is_available": true, "category": 17, "created_date": "2022-12-16T21:55:40.231Z", "modified_date": "2022-12-16T21:55:40.231Z"}}, {"model": "store.product", "pk": 442, "fields": {"product_name": "Cotton Printed Straight Kurta", "slug": "cotton-printed-straight-kurta", "description": "NISHIKAKurtasCotton Printed Straight Kurta", "brand": "NISHIKA", "price": 387, "mrp_price": 999, "url_height": 150, "url_width": 75, "images": "photos/images/xaa_63.jpeg", "stock": 999, "is_available": true, "category": 16, "created_date": "2022-12-16T21:55:40.242Z", "modified_date": "2022-12-16T21:55:40.242Z"}}, {"model": "store.product", "pk": 443, "fields": {"product_name": "Floral Embroidered Saree with Blouse Piece", "slug": "floral-embroidered-saree-with-blouse-piece", "description": "PISARASareesFloral Embroidered Saree with Blouse Piece", "brand": "PISARA", "price": 990, "mrp_price": 3299, "url_height": 150, "url_width": 75, "images": "photos/images/xaa_57.jpeg", "stock": 999, "is_available": true, "category": 9, "created_date": "2022-12-16T21:55:40.252Z", "modified_date": "2022-12-16T21:55:40.252Z"}}, {"model": "store.product", "pk": 445, "fields": {"product_name": "Floral Print Georgette Saree", "slug": "floral-print-georgette-saree", "description": "KALAMANDIRSareesFloral Print Georgette Saree", "brand": "KALAMANDIR", "price": 480, "mrp_price": 1199, "url_height": 150, "url_width": 75, "images": "photos/images/xaa_9.jpeg", "stock": 999, "is_available": true, "category": 9, "created_date": "2022-12-16T21:55:40.267Z", "modified_date": "2022-12-16T21:55:40.267Z"}}, {"model": "store.product", "pk": 447, "fields": {"product_name": "Aqualite ULTRA HEALTH-11 (06X09) BLACK (MRP-167.50/-) Rubber Smart Casual (Black, 6 Uk (40 Eu), 7 Uk (41 Eu), 8 Uk (42 Eu), 9 Uk (43 Eu) Set Of 6", "slug": "aqualite-ultra-health-11-06x09-black-mrp-16750-rubber-smart-casual-black-6-uk-40-eu-7-uk-41-eu-8-uk-42-eu-9-uk-43-eu-set-of-6", "description": "AqualiteFootwearAqualite ULTRA HEALTH-11 (06X09) BLACK (MRP-167.50/-) Rubber Smart Casual (Black, 6 Uk (40 Eu), 7 Uk (41 Eu), 8 Uk (42 Eu), 9 Uk (43 Eu) Set Of 6", "brand": "Aqualite", "price": 117, "mrp_price": 167, "url_height": 150, "url_width": 75, "images": "photos/images/xaa_69.jpeg", "stock": 999, "is_available": true, "category": 22, "created_date": "2022-12-16T21:55:40.283Z", "modified_date": "2022-12-16T21:55:40.283Z"}}, {"model": "store.product", "pk": 448, "fields": {"product_name": "Rayon Embroidered Flared Kurta", "slug": "rayon-embroidered-flared-kurta", "description": "KimayraKurtasRayon Embroidered Flared Kurta", "brand": "Kimayra", "price": 611, "mrp_price": 1999, "url_height": 150, "url_width": 75, "images": "photos/images/xaa_18.jpeg", "stock": 999, "is_available": true, "category": 16, "created_date": "2022-12-16T21:55:40.295Z", "modified_date": "2022-12-16T21:55:40.295Z"}}, {"model": "store.product", "pk": 449, "fields": {"product_name": "Columbus PILOT_BLACK/C.GREEN Mesh Daily Wear Sport Shoes (Black, Black, Black, 6 UK (40 EU), 7 UK (41 EU), 8 UK (42 EU), 9 UK (43 EU), 10 UK (44 EU)", "slug": "columbus-pilot_blackcgreen-mesh-daily-wear-sport-shoes-black-black-black-6-uk-40-eu-7-uk-41-eu-8-uk-42-eu-9-uk-43-eu-10-uk-44-eu", "description": "ColumbusFootwearColumbus PILOT_BLACK/C.GREEN Mesh Daily Wear Sport Shoes (Black, Black, Black, 6 UK (40 EU), 7 UK (41 EU), 8 UK (42 EU), 9 UK (43 EU), 10 UK (44 EU)", "brand": "Columbus", "price": 770, "mrp_price": 1199, "url_height": 150, "url_width": 75, "images": "photos/images/xaa_161.jpeg", "stock": 999, "is_available": true, "category": 22, "created_date": "2022-12-16T21:55:40.305Z", "modified_date": "2022-12-16T21:55:40.306Z"}}, {"model": "store.product", "pk": 450, "fields": {"product_name": "Polyester Cotton Jeans", "slug": "polyester-cotton-jeans", "description": "LEBOYSJeansPolyester Cotton Jeans", "brand": "LEBOYS", "price": 530, "mrp_price": 999, "url_height": 150, "url_width": 75, "images": "photos/images/xaa_135.jpeg", "stock": 999, "is_available": true, "category": 4, "created_date": "2022-12-16T21:55:40.316Z", "modified_date": "2022-12-16T21:55:40.316Z"}}, {"model": "store.product", "pk": 451, "fields": {"product_name": "Cotton Checks Lungi", "slug": "cotton-checks-lungi", "description": "NIMBAL HOUSEDhotiCotton Checks Lungi", "brand": "NIMBAL HOUSE", "price": 153, "mrp_price": 190, "url_height": 150, "url_width": 75, "images": "photos/images/xaa_19.jpeg", "stock": 999, "is_available": true, "category": 23, "created_date": "2022-12-16T21:55:40.327Z", "modified_date": "2022-12-16T21:55:40.327Z"}}, {"model": "store.product", "pk": 452, "fields": {"product_name": "Slip-On Flat Shoes", "slug": "slip-on-flat-shoes", "description": "KNEETOESCasual ShoesSlip-On Flat Shoes", "brand": "KNEETOES", "price": 0, "mrp_price": 0, "url_height": 150, "url_width": 75, "images": "photos/images/xaa_160.jpeg", "stock": 998, "is_available": true, "category": 24, "created_date": "2022-12-16T21:55:40.338Z", "modified_date": "2022-12-16T22:08:04.796Z"}}, {"model": "store.product", "pk": 453, "fields": {"product_name": "God's Club Skinny Fit High Rise Basic / Plain Jeans for Women", "slug": "gods-club-skinny-fit-high-rise-basic-plain-jeans-for-women", "description": "God's ClubWomen's WesternGod's Club Skinny Fit High Rise Basic / Plain Jeans for Women", "brand": "God's Club", "price": 451, "mrp_price": 1599, "url_height": 150, "url_width": 75, "images": "photos/images/xaa_127.jpeg", "stock": 999, "is_available": true, "category": 20, "created_date": "2022-12-16T21:55:40.360Z", "modified_date": "2022-12-16T21:55:40.360Z"}}, {"model": "store.product", "pk": 454, "fields": {"product_name": "Blended Solid Chudidhar Leggings", "slug": "blended-solid-chudidhar-leggings", "description": "GO COLORSLeggingsBlended Solid Chudidhar Leggings", "brand": "GO COLORS", "price": 366, "mrp_price": 599, "url_height": 150, "url_width": 75, "images": "photos/images/xaa_33.jpeg", "stock": 999, "is_available": true, "category": 21, "created_date": "2022-12-16T21:55:40.378Z", "modified_date": "2022-12-16T21:55:40.378Z"}}, {"model": "store.product", "pk": 455, "fields": {"product_name": "Silk Solid  Women SuitSet", "slug": "silk-solid-women-suitset", "description": "JANASYAKurta Suit SetsSilk Solid  Women SuitSet", "brand": "JANASYA", "price": 561, "mrp_price": 2269, "url_height": 150, "url_width": 75, "images": "photos/images/xaa_156.jpeg", "stock": 999, "is_available": true, "category": 13, "created_date": "2022-12-16T21:55:40.389Z", "modified_date": "2022-12-16T21:55:40.389Z"}}, {"model": "store.product", "pk": 457, "fields": {"product_name": "Rayon Embroidered Straight Kurta", "slug": "rayon-embroidered-straight-kurta", "description": "MAANYA KURTIKurtasRayon Embroidered Straight Kurta", "brand": "MAANYA KURTI", "price": 191, "mrp_price": 399, "url_height": 150, "url_width": 75, "images": "photos/images/xaa_139.jpeg", "stock": 999, "is_available": true, "category": 16, "created_date": "2022-12-16T21:55:40.406Z", "modified_date": "2022-12-16T21:55:40.406Z"}}, {"model": "store.product", "pk": 458, "fields": {"product_name": "Cotton Printed Semi-stitched Dress Material", "slug": "cotton-printed-semi-stitched-dress-material", "description": "SAKHI CLOTHINGDress MaterialCotton Printed Semi-stitched Dress Material", "brand": "SAKHI CLOTHING", "price": 714, "mrp_price": 1400, "url_height": 150, "url_width": 75, "images": "photos/images/xaa_39.jpeg", "stock": 999, "is_available": true, "category": 25, "created_date": "2022-12-16T21:55:40.418Z", "modified_date": "2022-12-16T21:55:40.418Z"}}, {"model": "store.product", "pk": 459, "fields": {"product_name": "Textured Low-Top Lace-Up Shoes", "slug": "textured-low-top-lace-up-shoes", "description": "PERFORMAXSports ShoesTextured Low-Top Lace-Up Shoes", "brand": "PERFORMAX", "price": 1749, "mrp_price": 2499, "url_height": 150, "url_width": 75, "images": "photos/images/xaa_100.jpeg", "stock": 998, "is_available": true, "category": 26, "created_date": "2022-12-16T21:55:40.430Z", "modified_date": "2022-12-16T22:08:04.969Z"}}, {"model": "store.product", "pk": 460, "fields": {"product_name": "Zip-Front Hooded Sweatshirt with Kangaroo Pockets", "slug": "zip-front-hooded-sweatshirt-with-kangaroo-pockets", "description": "AERO JEANSSweatshirt & HoodiesZip-Front Hooded Sweatshirt with Kangaroo Pockets", "brand": "AERO JEANS", "price": 0, "mrp_price": 0, "url_height": 150, "url_width": 75, "images": "photos/images/xaa_150.jpeg", "stock": 999, "is_available": true, "category": 27, "created_date": "2022-12-16T21:55:40.456Z", "modified_date": "2022-12-16T21:55:40.456Z"}}, {"model": "store.product", "pk": 461, "fields": {"product_name": "Organza Digital Print Regular Saree", "slug": "organza-digital-print-regular-saree", "description": "MAGARISareesOrganza Digital Print Regular Saree", "brand": "MAGARI", "price": 539, "mrp_price": 3499, "url_height": 150, "url_width": 75, "images": "photos/images/xaa_12.jpeg", "stock": 999, "is_available": true, "category": 9, "created_date": "2022-12-16T21:55:40.469Z", "modified_date": "2022-12-16T21:55:40.469Z"}}, {"model": "store.product", "pk": 462, "fields": {"product_name": "Net Embellished A-line Dress", "slug": "net-embellished-a-line-dress", "description": "MARTINIDressesNet Embellished A-line Dress", "brand": "MARTINI", "price": 693, "mrp_price": 2199, "url_height": 150, "url_width": 75, "images": "photos/images/xaa_149.jpeg", "stock": 999, "is_available": true, "category": 28, "created_date": "2022-12-16T21:55:40.480Z", "modified_date": "2022-12-16T21:55:40.480Z"}}, {"model": "store.product", "pk": 463, "fields": {"product_name": "Pleated Shorts with Insert Pockets", "slug": "pleated-shorts-with-insert-pockets", "description": "LEE COOPERShortsPleated Shorts with Insert Pockets", "brand": "LEE COOPER", "price": 999, "mrp_price": 999, "url_height": 150, "url_width": 75, "images": "photos/images/xaa_118.jpeg", "stock": 999, "is_available": true, "category": 29, "created_date": "2022-12-16T21:55:40.492Z", "modified_date": "2022-12-16T21:55:40.492Z"}}, {"model": "store.product", "pk": 464, "fields": {"product_name": "Polyester Solid A-line Dress", "slug": "polyester-solid-a-line-dress", "description": "ARBITER COLLECTIONDressesPolyester Solid A-line Dress", "brand": "ARBITER COLLECTION", "price": 270, "mrp_price": 999, "url_height": 150, "url_width": 75, "images": "photos/images/xaa_170.jpeg", "stock": 999, "is_available": true, "category": 28, "created_date": "2022-12-16T21:55:40.503Z", "modified_date": "2022-12-16T21:55:40.503Z"}}, {"model": "store.product", "pk": 465, "fields": {"product_name": "Opfoam Ofm306 blu pnk EVA Casual Wear (Blue, 5 Uk (38 Eu), 6 Uk (39 Eu), 7 Uk (40 Eu), 8 Uk (41 Eu) Set Of 6, OOFOAM_306_BLPNK", "slug": "opfoam-ofm306-blu-pnk-eva-casual-wear-blue-5-uk-38-eu-6-uk-39-eu-7-uk-40-eu-8-uk-41-eu-set-of-6-oofoam_306_blpnk", "description": "OpfoamFootwearOpfoam Ofm306 blu pnk EVA Casual Wear (Blue, 5 Uk (38 Eu), 6 Uk (39 Eu), 7 Uk (40 Eu), 8 Uk (41 Eu) Set Of 6, OOFOAM_306_BLPNK", "brand": "Opfoam", "price": 175, "mrp_price": 318, "url_height": 150, "url_width": 75, "images": "photos/images/xaa_141.jpeg", "stock": 999, "is_available": true, "category": 22, "created_date": "2022-12-16T21:55:40.514Z", "modified_date": "2022-12-16T21:55:40.514Z"}}, {"model": "store.product", "pk": 466, "fields": {"product_name": "Cotton Printed Regular Fit Round Tshirts", "slug": "cotton-printed-regular-fit-round-tshirts", "description": "TOM HIDDLETshirtsCotton Printed Regular Fit Round Tshirts", "brand": "TOM HIDDLE", "price": 192, "mrp_price": 599, "url_height": 150, "url_width": 75, "images": "photos/images/xaa_116.jpeg", "stock": 999, "is_available": true, "category": 30, "created_date": "2022-12-16T21:55:40.524Z", "modified_date": "2022-12-16T21:55:40.524Z"}}, {"model": "store.product", "pk": 467, "fields": {"product_name": "Almond-Toe Lace-Up Derby Shoes", "slug": "almond-toe-lace-up-derby-shoes", "description": "LEE COOPERFormal ShoesAlmond-Toe Lace-Up Derby Shoes", "brand": "LEE COOPER", "price": 0, "mrp_price": 0, "url_height": 150, "url_width": 75, "images": "photos/images/xaa_38.jpeg", "stock": 998, "is_available": true, "category": 31, "created_date": "2022-12-16T21:55:40.535Z", "modified_date": "2022-12-16T22:08:04.942Z"}}, {"model": "store.product", "pk": 468, "fields": {"product_name": "GSOON Imported Four Way Lycra Pintuck Trackpant for Men Set Of 4, Pintuck double ", "slug": "gsoon-imported-four-way-lycra-pintuck-trackpant-for-men-set-of-4-pintuck-double", "description": "GSOONMen's GarmentsGSOON Imported Four Way Lycra Pintuck Trackpant for Men Set Of 4, Pintuck double ", "brand": "GSOON", "price": 299, "mrp_price": 799, "url_height": 150, "url_width": 75, "images": "photos/images/xaa_16.jpeg", "stock": 999, "is_available": true, "category": 17, "created_date": "2022-12-16T21:55:40.562Z", "modified_date": "2022-12-16T21:55:40.562Z"}}, {"model": "store.product", "pk": 469, "fields": {"product_name": "Solid Shoulder Bag", "slug": "solid-shoulder-bag", "description": "TOTETECAHandbagsSolid Shoulder Bag", "brand": "TOTETECA", "price": 928, "mrp_price": 2899, "url_height": 150, "url_width": 75, "images": "photos/images/xaa_91.jpeg", "stock": 999, "is_available": true, "category": 32, "created_date": "2022-12-16T21:55:40.572Z", "modified_date": "2022-12-16T21:55:40.572Z"}}, {"model": "store.product", "pk": 470, "fields": {"product_name": "Cotton Printed Patiala SuitSet", "slug": "cotton-printed-patiala-suitset", "description": "JAI LAXMI FABRICSKurta Suit SetsCotton Printed Patiala SuitSet", "brand": "JAI LAXMI FABRICS", "price": 637, "mrp_price": 2899, "url_height": 150, "url_width": 75, "images": "photos/images/xaa_32.jpeg", "stock": 999, "is_available": true, "category": 13, "created_date": "2022-12-16T21:55:40.583Z", "modified_date": "2022-12-16T21:55:40.583Z"}}, {"model": "store.product", "pk": 471, "fields": {"product_name": "Textured V-neck Pullovers", "slug": "textured-v-neck-pullovers", "description": "NETWORKSweaters & CardigansTextured V-neck Pullovers", "brand": "NETWORK", "price": 480, "mrp_price": 999, "url_height": 150, "url_width": 75, "images": "photos/images/xaa_48.jpeg", "stock": 999, "is_available": true, "category": 10, "created_date": "2022-12-16T21:55:40.593Z", "modified_date": "2022-12-16T21:55:40.593Z"}}, {"model": "store.product", "pk": 472, "fields": {"product_name": "Right Steps Star Pvc Casual Wear (Blue Violet, 4 Uk (37 Eu), 5 Uk (38 Eu), 6 Uk (39 Eu), 7 Uk (40 Eu), 8 Uk (41 Eu) Set Of 5", "slug": "right-steps-star-pvc-casual-wear-blue-violet-4-uk-37-eu-5-uk-38-eu-6-uk-39-eu-7-uk-40-eu-8-uk-41-eu-set-of-5", "description": "Right StepsFootwearRight Steps Star Pvc Casual Wear (Blue Violet, 4 Uk (37 Eu), 5 Uk (38 Eu), 6 Uk (39 Eu), 7 Uk (40 Eu), 8 Uk (41 Eu) Set Of 5", "brand": "Right Steps", "price": 67, "mrp_price": 169, "url_height": 150, "url_width": 75, "images": "photos/images/xaa_49.jpeg", "stock": 999, "is_available": true, "category": 22, "created_date": "2022-12-16T21:55:40.609Z", "modified_date": "2022-12-16T21:55:40.609Z"}}, {"model": "store.product", "pk": 473, "fields": {"product_name": "BUY NOW", "slug": "buy-now", "description": "1KKAMen's GarmentsBUY NOW", "brand": "1KKA", "price": 0, "mrp_price": 599, "url_height": 150, "url_width": 75, "images": "photos/images/xaa_84.jpeg", "stock": 999, "is_available": true, "category": 17, "created_date": "2022-12-16T21:55:40.620Z", "modified_date": "2022-12-16T21:55:40.620Z"}}, {"model": "store.product", "pk": 474, "fields": {"product_name": "Campus Shoes:-GC-1020B_GC-1020B_BLK/RED", "slug": "campus-shoes-gc-1020b_gc-1020b_blkred", "description": "CampusFootwearCampus Shoes:-GC-1020B_GC-1020B_BLK/RED", "brand": "Campus", "price": 297, "mrp_price": 425, "url_height": 150, "url_width": 75, "images": "photos/images/xaa_54.jpeg", "stock": 999, "is_available": true, "category": 22, "created_date": "2022-12-16T21:55:40.631Z", "modified_date": "2022-12-16T21:55:40.631Z"}}, {"model": "store.product", "pk": 475, "fields": {"product_name": "Silk Embroidered Regular Saree", "slug": "silk-embroidered-regular-saree", "description": "RAJESHREESareesSilk Embroidered Regular Saree", "brand": "RAJESHREE", "price": 1147, "mrp_price": 3499, "url_height": 150, "url_width": 75, "images": "photos/images/xaa_71.jpeg", "stock": 999, "is_available": true, "category": 9, "created_date": "2022-12-16T21:55:40.642Z", "modified_date": "2022-12-16T21:55:40.642Z"}}, {"model": "store.product", "pk": 476, "fields": {"product_name": "Cotton Floral Pyjamas Set", "slug": "cotton-floral-pyjamas-set", "description": "MEERANSHI830313003Cotton Floral Pyjamas Set", "brand": "MEERANSHI", "price": 540, "mrp_price": 2999, "url_height": 150, "url_width": 75, "images": "photos/images/xaa_10.jpeg", "stock": 999, "is_available": true, "category": 33, "created_date": "2022-12-16T21:55:40.652Z", "modified_date": "2022-12-16T21:55:40.652Z"}}, {"model": "store.product", "pk": 477, "fields": {"product_name": "Cotton Embroidered Straight Kurta", "slug": "cotton-embroidered-straight-kurta", "description": "VARANGAKurtasCotton Embroidered Straight Kurta", "brand": "VARANGA", "price": 1346, "mrp_price": 2199, "url_height": 150, "url_width": 75, "images": "photos/images/xaa_157.jpeg", "stock": 999, "is_available": true, "category": 16, "created_date": "2022-12-16T21:55:40.663Z", "modified_date": "2022-12-16T21:55:40.663Z"}}, {"model": "store.product", "pk": 478, "fields": {"product_name": "Viscose Printed Tunic", "slug": "viscose-printed-tunic", "description": "VISHUDHKurtis & TunicsViscose Printed Tunic", "brand": "VISHUDH", "price": 1101, "mrp_price": 1349, "url_height": 150, "url_width": 75, "images": "photos/images/xaa_133.jpeg", "stock": 999, "is_available": true, "category": 34, "created_date": "2022-12-16T21:55:40.680Z", "modified_date": "2022-12-16T21:55:40.680Z"}}, {"model": "store.product", "pk": 479, "fields": {"product_name": "Beautiful Georgette saree with Zari border", "slug": "beautiful-georgette-saree-with-zari-border", "description": "TanjoreWomen's EthnicBeautiful Georgette saree with Zari border", "brand": "Tanjore", "price": 883, "mrp_price": 3620, "url_height": 150, "url_width": 75, "images": "photos/images/xaa_148.jpeg", "stock": 999, "is_available": true, "category": 14, "created_date": "2022-12-16T21:55:40.691Z", "modified_date": "2022-12-16T21:55:40.691Z"}}, {"model": "store.product", "pk": 480, "fields": {"product_name": "Do Bhai Snd200 Premium Synthetic Smart Casual Soft Foam Sandal (Gray, 3 Uk (36 Eu), 4 Uk (37 Eu), 5 Uk (38 Eu), 6 Uk (39 Eu), 7 Uk (40 Eu), 8 Uk (41 Eu) Set Of 6, Snd200", "slug": "do-bhai-snd200-premium-synthetic-smart-casual-soft-foam-sandal-gray-3-uk-36-eu-4-uk-37-eu-5-uk-38-eu-6-uk-39-eu-7-uk-40-eu-8-uk-41-eu-set-of-6-snd200", "description": "Do BhaiFootwearDo Bhai Snd200 Premium Synthetic Smart Casual Soft Foam Sandal (Gray, 3 Uk (36 Eu), 4 Uk (37 Eu), 5 Uk (38 Eu), 6 Uk (39 Eu), 7 Uk (40 Eu), 8 Uk (41 Eu) Set Of 6, Snd200", "brand": "Do Bhai", "price": 246, "mrp_price": 999, "url_height": 150, "url_width": 75, "images": "photos/images/xaa_92.jpeg", "stock": 999, "is_available": true, "category": 22, "created_date": "2022-12-16T21:55:40.703Z", "modified_date": "2022-12-16T21:55:40.703Z"}}, {"model": "store.product", "pk": 481, "fields": {"product_name": "Froh Feet 2178-RBT-12P Synthetic Formal Wear (Multi Color, 3 Uk (36 Eu), 4 Uk (37 Eu), 5 Uk (38 Eu), 6 Uk (39 Eu), 7 Uk (40 Eu), 8 Uk (41 Eu) Set Of 12, 2178-RBT-12P", "slug": "froh-feet-2178-rbt-12p-synthetic-formal-wear-multi-color-3-uk-36-eu-4-uk-37-eu-5-uk-38-eu-6-uk-39-eu-7-uk-40-eu-8-uk-41-eu-set-of-12-2178-rbt-12p", "description": "Froh FeetFootwearFroh Feet 2178-RBT-12P Synthetic Formal Wear (Multi Color, 3 Uk (36 Eu), 4 Uk (37 Eu), 5 Uk (38 Eu), 6 Uk (39 Eu), 7 Uk (40 Eu), 8 Uk (41 Eu) Set Of 12, 2178-RBT-12P", "brand": "Froh Feet", "price": 148, "mrp_price": 399, "url_height": 150, "url_width": 75, "images": "photos/images/xaa_24.jpeg", "stock": 999, "is_available": true, "category": 22, "created_date": "2022-12-16T21:55:40.714Z", "modified_date": "2022-12-16T21:55:40.714Z"}}, {"model": "store.product", "pk": 482, "fields": {"product_name": "Rayon Printed Straight Kurta", "slug": "rayon-printed-straight-kurta", "description": "WOMEN TOUCHKurtasRayon Printed Straight Kurta", "brand": "WOMEN TOUCH", "price": 367, "mrp_price": 1999, "url_height": 150, "url_width": 75, "images": "photos/images/xaa_80.jpeg", "stock": 999, "is_available": true, "category": 16, "created_date": "2022-12-16T21:55:40.726Z", "modified_date": "2022-12-16T21:55:40.726Z"}}, {"model": "store.product", "pk": 483, "fields": {"product_name": "Cotton Embroidered Palazzo  SuitSet", "slug": "cotton-embroidered-palazzo-suitset", "description": "DIYAN PRINTSKurta Suit SetsCotton Embroidered Palazzo  SuitSet", "brand": "DIYAN PRINTS", "price": 662, "mrp_price": 2999, "url_height": 150, "url_width": 75, "images": "photos/images/xaa_86.jpeg", "stock": 999, "is_available": true, "category": 13, "created_date": "2022-12-16T21:55:40.736Z", "modified_date": "2022-12-16T21:55:40.737Z"}}, {"model": "store.product", "pk": 484, "fields": {"product_name": "Rich Skin Blended Georgette Floral Print Printed Saree (SRIDEVI) Set Of 4", "slug": "rich-skin-blended-georgette-floral-print-printed-saree-sridevi-set-of-4", "description": "Rich SkinWomen's EthnicRich Skin Blended Georgette Floral Print Printed Saree (SRIDEVI) Set Of 4", "brand": "Rich Skin", "price": 192, "mrp_price": 499, "url_height": 150, "url_width": 75, "images": "photos/images/xaa_79.jpeg", "stock": 999, "is_available": true, "category": 14, "created_date": "2022-12-16T21:55:40.747Z", "modified_date": "2022-12-16T21:55:40.747Z"}}, {"model": "store.product", "pk": 485, "fields": {"product_name": "Cotton Solid Leggings", "slug": "cotton-solid-leggings", "description": "INFANZYLeggingsCotton Solid Leggings", "brand": "INFANZY", "price": 96, "mrp_price": 300, "url_height": 150, "url_width": 75, "images": "photos/images/xaa_130.jpeg", "stock": 999, "is_available": true, "category": 21, "created_date": "2022-12-16T21:55:40.758Z", "modified_date": "2022-12-16T21:55:40.758Z"}}, {"model": "store.product", "pk": 486, "fields": {"product_name": "Rayon Printed palazzo SuitSet", "slug": "rayon-printed-palazzo-suitset", "description": "KimayraKurta Suit SetsRayon Printed palazzo SuitSet", "brand": "Kimayra", "price": 917, "mrp_price": 2899, "url_height": 150, "url_width": 75, "images": "photos/images/xaa_13.jpeg", "stock": 999, "is_available": true, "category": 13, "created_date": "2022-12-16T21:55:40.768Z", "modified_date": "2022-12-16T21:55:40.768Z"}}, {"model": "store.product", "pk": 487, "fields": {"product_name": "Rayon Printed  SuitSet", "slug": "rayon-printed-suitset", "description": "PRAKHYAKurta Suit SetsRayon Printed  SuitSet", "brand": "PRAKHYA", "price": 734, "mrp_price": 1998, "url_height": 150, "url_width": 75, "images": "photos/images/xaa_147.jpeg", "stock": 999, "is_available": true, "category": 13, "created_date": "2022-12-16T21:55:40.779Z", "modified_date": "2022-12-16T21:55:40.779Z"}}, {"model": "store.product", "pk": 488, "fields": {"product_name": "Cotton Checks Shirt", "slug": "cotton-checks-shirt", "description": "9 BLUEShirtsCotton Checks Shirt", "brand": "9 BLUE", "price": 294, "mrp_price": 699, "url_height": 150, "url_width": 75, "images": "photos/images/xaa_136.jpeg", "stock": 999, "is_available": true, "category": 1, "created_date": "2022-12-16T21:55:40.791Z", "modified_date": "2022-12-16T21:55:40.791Z"}}, {"model": "store.product", "pk": 489, "fields": {"product_name": "Crepe Solid Fit and Flare Dress", "slug": "crepe-solid-fit-and-flare-dress", "description": "RETROBELLADressesCrepe Solid Fit and Flare Dress", "brand": "RETROBELLA", "price": 305, "mrp_price": 1799, "url_height": 150, "url_width": 75, "images": "photos/images/xaa_22.jpeg", "stock": 999, "is_available": true, "category": 28, "created_date": "2022-12-16T21:55:40.802Z", "modified_date": "2022-12-16T21:55:40.802Z"}}, {"model": "store.product", "pk": 490, "fields": {"product_name": "Blended Long Nighti", "slug": "blended-long-nighti", "description": "LIFE-TALENightshirts&NightiesBlended Long Nighti", "brand": "LIFE-TALE", "price": 484, "mrp_price": 1499, "url_height": 150, "url_width": 75, "images": "photos/images/xaa_110.jpeg", "stock": 999, "is_available": true, "category": 35, "created_date": "2022-12-16T21:55:40.812Z", "modified_date": "2022-12-16T21:55:40.812Z"}}, {"model": "store.product", "pk": 491, "fields": {"product_name": "Georgette Printed Regular Saree", "slug": "georgette-printed-regular-saree", "description": "TODAY DEALSareesGeorgette Printed Regular Saree", "brand": "TODAY DEAL", "price": 265, "mrp_price": 1299, "url_height": 150, "url_width": 75, "images": "photos/images/xaa_137.jpeg", "stock": 999, "is_available": true, "category": 9, "created_date": "2022-12-16T21:55:40.823Z", "modified_date": "2022-12-16T21:55:40.823Z"}}, {"model": "store.product", "pk": 492, "fields": {"product_name": "Cotton All over print Unstitched Dress Material", "slug": "cotton-all-over-print-unstitched-dress-material", "description": "JAY MAHAVIR CREATIONDress MaterialCotton All over print Unstitched Dress Material", "brand": "JAY MAHAVIR CREATION", "price": 458, "mrp_price": 1299, "url_height": 150, "url_width": 75, "images": "photos/images/xaa_145.jpeg", "stock": 999, "is_available": true, "category": 25, "created_date": "2022-12-16T21:55:40.833Z", "modified_date": "2022-12-16T21:55:40.833Z"}}, {"model": "store.product", "pk": 493, "fields": {"product_name": "Supremlite NT-2003(6x10) Pvc Home Wear (Navy, Navy, Navy, 6 UK (40 EU), 7 UK (41 EU), 8 UK (42 EU), 9 UK (43 EU), 10 UK (44 EU)", "slug": "supremlite-nt-20036x10-pvc-home-wear-navy-navy-navy-6-uk-40-eu-7-uk-41-eu-8-uk-42-eu-9-uk-43-eu-10-uk-44-eu", "description": "SupremliteFootwearSupremlite NT-2003(6x10) Pvc Home Wear (Navy, Navy, Navy, 6 UK (40 EU), 7 UK (41 EU), 8 UK (42 EU), 9 UK (43 EU), 10 UK (44 EU)", "brand": "Supremlite", "price": 140, "mrp_price": 245, "url_height": 150, "url_width": 75, "images": "photos/images/xaa_155.jpeg", "stock": 999, "is_available": true, "category": 22, "created_date": "2022-12-16T21:55:40.844Z", "modified_date": "2022-12-16T21:55:40.844Z"}}, {"model": "store.product", "pk": 494, "fields": {"product_name": "Cotton Printed Sweatshirt", "slug": "cotton-printed-sweatshirt", "description": "BLUE TRENDSweatshirts & HoodiesCotton Printed Sweatshirt", "brand": "BLUE TREND", "price": 264, "mrp_price": 699, "url_height": 150, "url_width": 75, "images": "photos/images/xaa_95.jpeg", "stock": 999, "is_available": true, "category": 11, "created_date": "2022-12-16T21:55:40.855Z", "modified_date": "2022-12-16T21:55:40.855Z"}}, {"model": "store.product", "pk": 495, "fields": {"product_name": "Lightly Washed Ankle-Length Skinny Jeans", "slug": "lightly-washed-ankle-length-skinny-jeans", "description": "KRAUSJeans & JeggingsLightly Washed Ankle-Length Skinny Jeans", "brand": "KRAUS", "price": 0, "mrp_price": 0, "url_height": 150, "url_width": 75, "images": "photos/images/xaa_158.jpeg", "stock": 999, "is_available": true, "category": 19, "created_date": "2022-12-16T21:55:40.866Z", "modified_date": "2022-12-16T21:55:40.866Z"}}, {"model": "store.product", "pk": 497, "fields": {"product_name": "Cotton Typographic Crew-Neck T-shirt", "slug": "cotton-typographic-crew-neck-t-shirt", "description": "DILLINGER830316018Cotton Typographic Crew-Neck T-shirt", "brand": "DILLINGER", "price": 343, "mrp_price": 1299, "url_height": 150, "url_width": 75, "images": "photos/images/xaa_66.jpeg", "stock": 999, "is_available": true, "category": 36, "created_date": "2022-12-16T21:55:40.899Z", "modified_date": "2022-12-16T21:55:40.899Z"}}, {"model": "store.product", "pk": 498, "fields": {"product_name": "Floral Print Straight Kurta with Palazzos & Dupatta", "slug": "floral-print-straight-kurta-with-palazzos-dupatta", "description": "BIBAKurta Suit SetsFloral Print Straight Kurta with Palazzos & Dupatta", "brand": "BIBA", "price": 2159, "mrp_price": 3599, "url_height": 150, "url_width": 75, "images": "photos/images/xaa_143.jpeg", "stock": 999, "is_available": true, "category": 13, "created_date": "2022-12-16T21:55:40.910Z", "modified_date": "2022-12-16T21:55:40.910Z"}}, {"model": "store.product", "pk": 500, "fields": {"product_name": "Abstract Full Sleeve Shirt", "slug": "abstract-full-sleeve-shirt", "description": "ZINNIAShirtsAbstract Full Sleeve Shirt", "brand": "ZINNIA", "price": 999, "mrp_price": 999, "url_height": 150, "url_width": 75, "images": "photos/images/xaa_122.jpeg", "stock": 999, "is_available": true, "category": 1, "created_date": "2022-12-16T21:55:40.939Z", "modified_date": "2022-12-16T21:55:40.939Z"}}, {"model": "store.product", "pk": 501, "fields": {"product_name": "Floral Print Tunic with Mandarin Collar", "slug": "floral-print-tunic-with-mandarin-collar", "description": "SIYAHIShirts, Tops & TunicFloral Print Tunic with Mandarin Collar", "brand": "SIYAHI", "price": 250, "mrp_price": 499, "url_height": 150, "url_width": 75, "images": "photos/images/xaa_74.jpeg", "stock": 999, "is_available": true, "category": 37, "created_date": "2022-12-16T21:55:40.954Z", "modified_date": "2022-12-16T21:55:40.954Z"}}, {"model": "store.product", "pk": 502, "fields": {"product_name": "Dungaree with Patch Pocket", "slug": "dungaree-with-patch-pocket", "description": "RIODressesDungaree with Patch Pocket", "brand": "RIO", "price": 999, "mrp_price": 999, "url_height": 150, "url_width": 75, "images": "photos/images/xaa_121.jpeg", "stock": 999, "is_available": true, "category": 28, "created_date": "2022-12-16T21:55:40.983Z", "modified_date": "2022-12-16T21:55:40.983Z"}}, {"model": "store.product", "pk": 503, "fields": {"product_name": "Code 16 Faded / Washed Jeans Medium Washed Narrow Fit Knitted Denim Stretchable Full Length 916 Ice Blue 30-32-34-36", "slug": "code-16-faded-washed-jeans-medium-washed-narrow-fit-knitted-denim-stretchable-full-length-916-ice-blue-30-32-34-36", "description": "Code 16Men's GarmentsCode 16 Faded / Washed Jeans Medium Washed Narrow Fit Knitted Denim Stretchable Full Length 916 Ice Blue 30-32-34-36", "brand": "Code 16", "price": 1003, "mrp_price": 1749, "url_height": 150, "url_width": 75, "images": "photos/images/xaa_106.jpeg", "stock": 999, "is_available": true, "category": 17, "created_date": "2022-12-16T21:55:41.008Z", "modified_date": "2022-12-16T21:55:41.008Z"}}, {"model": "store.product", "pk": 504, "fields": {"product_name": "Rayon Printed A-line Kurta", "slug": "rayon-printed-a-line-kurta", "description": "PRAKHYAKurtasRayon Printed A-line Kurta", "brand": "PRAKHYA", "price": 713, "mrp_price": 1798, "url_height": 150, "url_width": 75, "images": "photos/images/xaa_123.jpeg", "stock": 999, "is_available": true, "category": 16, "created_date": "2022-12-16T21:55:41.022Z", "modified_date": "2022-12-16T21:55:41.022Z"}}, {"model": "store.product", "pk": 505, "fields": {"product_name": "Reebok Reebok Speedstar run Synthetic Casual Wear Running Shoes (Grey, 9 US (42 EU)", "slug": "reebok-reebok-speedstar-run-synthetic-casual-wear-running-shoes-grey-9-us-42-eu", "description": "ReebokFootwearReebok Reebok Speedstar run Synthetic Casual Wear Running Shoes (Grey, 9 US (42 EU)", "brand": "Reebok", "price": 2325, "mrp_price": 3299, "url_height": 150, "url_width": 75, "images": "photos/images/xaa_58.jpeg", "stock": 999, "is_available": true, "category": 22, "created_date": "2022-12-16T21:55:41.034Z", "modified_date": "2022-12-16T21:55:41.034Z"}}, {"model": "store.product", "pk": 506, "fields": {"product_name": "Printed Saree with Blouse Piece", "slug": "printed-saree-with-blouse-piece", "description": "CHHABRA 555SareesPrinted Saree with Blouse Piece", "brand": "CHHABRA 555", "price": 3450, "mrp_price": 6900, "url_height": 150, "url_width": 75, "images": "photos/images/xaa_152.jpeg", "stock": 999, "is_available": true, "category": 9, "created_date": "2022-12-16T21:55:41.049Z", "modified_date": "2022-12-16T21:55:41.049Z"}}, {"model": "store.product", "pk": 508, "fields": {"product_name": "B.Sam Rayon Stone Work Straight Kurta Set for Women Set Of 3", "slug": "bsam-rayon-stone-work-straight-kurta-set-for-women-set-of-3", "description": "B.SamWomen's EthnicB.Sam Rayon Stone Work Straight Kurta Set for Women Set Of 3", "brand": "B.Sam", "price": 483, "mrp_price": 699, "url_height": 150, "url_width": 75, "images": "photos/images/xaa_26.jpeg", "stock": 999, "is_available": true, "category": 14, "created_date": "2022-12-16T21:55:41.067Z", "modified_date": "2022-12-16T21:55:41.067Z"}}, {"model": "store.product", "pk": 509, "fields": {"product_name": "Cotton Stretch Solid Shrugs", "slug": "cotton-stretch-solid-shrugs", "description": "DIMPY GARMENTSShrugs & BolerosCotton Stretch Solid Shrugs", "brand": "DIMPY GARMENTS", "price": 305, "mrp_price": 1399, "url_height": 150, "url_width": 75, "images": "photos/images/xaa_17.jpeg", "stock": 999, "is_available": true, "category": 38, "created_date": "2022-12-16T21:55:41.081Z", "modified_date": "2022-12-16T21:55:41.081Z"}}, {"model": "store.product", "pk": 510, "fields": {"product_name": "Goo On Cotton Round Neck Printed T-Shirt for Men", "slug": "goo-on-cotton-round-neck-printed-t-shirt-for-men", "description": "Goo OnMen's GarmentsGoo On Cotton Round Neck Printed T-Shirt for Men", "brand": "Goo On", "price": 165, "mrp_price": 999, "url_height": 150, "url_width": 75, "images": "photos/images/xaa_59.jpeg", "stock": 999, "is_available": true, "category": 17, "created_date": "2022-12-16T21:55:41.095Z", "modified_date": "2022-12-16T21:55:41.095Z"}}, {"model": "store.product", "pk": 512, "fields": {"product_name": "Dark Thread Heavy Laffer Twill Casual Wear Big Checks Shirt for Men Set Of 12, 6205", "slug": "dark-thread-heavy-laffer-twill-casual-wear-big-checks-shirt-for-men-set-of-12-6205", "description": "Dark ThreadMen's GarmentsDark Thread Heavy Laffer Twill Casual Wear Big Checks Shirt for Men Set Of 12, 6205", "brand": "Dark Thread", "price": 0, "mrp_price": 0, "url_height": 150, "url_width": 75, "images": "photos/images/xaa_75.jpeg", "stock": 999, "is_available": true, "category": 17, "created_date": "2022-12-16T21:55:41.113Z", "modified_date": "2022-12-16T21:55:41.113Z"}}, {"model": "store.product", "pk": 514, "fields": {"product_name": "Campus Shoes:-22G-128_CAMP JASPER_OFF WHT/BLK", "slug": "campus-shoes-22g-128_camp-jasper_off-whtblk", "description": "CampusFootwearCampus Shoes:-22G-128_CAMP JASPER_OFF WHT/BLK", "brand": "Campus", "price": 6720, "mrp_price": 10794, "url_height": 150, "url_width": 75, "images": "photos/images/xaa_72.jpeg", "stock": 999, "is_available": true, "category": 22, "created_date": "2022-12-16T21:55:41.131Z", "modified_date": "2022-12-16T21:55:41.131Z"}}, {"model": "store.product", "pk": 515, "fields": {"product_name": "Rayon Embroidered Front Slit kurta", "slug": "rayon-embroidered-front-slit-kurta", "description": "PURVIJA KURTIESKurtasRayon Embroidered Front Slit kurta", "brand": "PURVIJA KURTIES", "price": 392, "mrp_price": 1599, "url_height": 150, "url_width": 75, "images": "photos/images/xaa_14.jpeg", "stock": 999, "is_available": true, "category": 16, "created_date": "2022-12-16T21:55:41.144Z", "modified_date": "2022-12-16T21:55:41.144Z"}}, {"model": "store.product", "pk": 517, "fields": {"product_name": "Pack of 2 Floral Hot Pants", "slug": "pack-of-2-floral-hot-pants", "description": "GUTIShortsPack of 2 Floral Hot Pants", "brand": "GUTI", "price": 599, "mrp_price": 1599, "url_height": 150, "url_width": 75, "images": "photos/images/xaa_61.jpeg", "stock": 999, "is_available": true, "category": 29, "created_date": "2022-12-16T21:55:41.161Z", "modified_date": "2022-12-16T21:55:41.162Z"}}, {"model": "store.product", "pk": 518, "fields": {"product_name": "Slim Fit Mid-Wash Jeans", "slug": "slim-fit-mid-wash-jeans", "description": "KILLERJeansSlim Fit Mid-Wash Jeans", "brand": "KILLER", "price": 0, "mrp_price": 0, "url_height": 150, "url_width": 75, "images": "photos/images/xaa_65.jpeg", "stock": 999, "is_available": true, "category": 4, "created_date": "2022-12-16T21:55:41.178Z", "modified_date": "2022-12-16T21:55:41.178Z"}}, {"model": "store.product", "pk": 519, "fields": {"product_name": "Muslin Printed Ethnic Pants SuitSet", "slug": "muslin-printed-ethnic-pants-suitset", "description": "ETNICAWEARKurta Suit SetsMuslin Printed Ethnic Pants SuitSet", "brand": "ETNICAWEAR", "price": 1219, "mrp_price": 3898, "url_height": 150, "url_width": 75, "images": "photos/images/xaa_64.jpeg", "stock": 999, "is_available": true, "category": 13, "created_date": "2022-12-16T21:55:41.210Z", "modified_date": "2022-12-16T21:55:41.210Z"}}, {"model": "store.product", "pk": 520, "fields": {"product_name": "Cotton Embroidered Flared Kurta", "slug": "cotton-embroidered-flared-kurta", "description": "LOBAANYAKurtasCotton Embroidered Flared Kurta", "brand": "LOBAANYA", "price": 1285, "mrp_price": 2099, "url_height": 150, "url_width": 75, "images": "photos/images/xaa_62.jpeg", "stock": 999, "is_available": true, "category": 16, "created_date": "2022-12-16T21:55:41.222Z", "modified_date": "2022-12-16T21:55:41.222Z"}}, {"model": "store.product", "pk": 522, "fields": {"product_name": "Banarasi Traditional Saree with Tassels", "slug": "banarasi-traditional-saree-with-tassels", "description": "INDETHNICSareesBanarasi Traditional Saree with Tassels", "brand": "INDETHNIC", "price": 2438, "mrp_price": 3750, "url_height": 150, "url_width": 75, "images": "photos/images/xaa_34.jpeg", "stock": 999, "is_available": true, "category": 9, "created_date": "2022-12-16T21:55:41.239Z", "modified_date": "2022-12-16T21:55:41.239Z"}}, {"model": "store.product", "pk": 523, "fields": {"product_name": "Textured Zip-Front Sweatshirt", "slug": "textured-zip-front-sweatshirt", "description": "NETPLAYSweatshirt & HoodiesTextured Zip-Front Sweatshirt", "brand": "NETPLAY", "price": 0, "mrp_price": 0, "url_height": 150, "url_width": 75, "images": "photos/images/xaa_56.jpeg", "stock": 999, "is_available": true, "category": 27, "created_date": "2022-12-16T21:55:41.250Z", "modified_date": "2022-12-16T21:55:41.250Z"}}, {"model": "store.product", "pk": 524, "fields": {"product_name": "Sachin GS 1002 BROWN Niwar Casual Wear (Saddle Brown, Saddle Brown, Saddle Brown, 6 UK (40 EU), 7 UK (41 EU), 8 UK (42 EU), 9 UK (43 EU), 10 UK (44 EU)", "slug": "sachin-gs-1002-brown-niwar-casual-wear-saddle-brown-saddle-brown-saddle-brown-6-uk-40-eu-7-uk-41-eu-8-uk-42-eu-9-uk-43-eu-10-uk-44-eu", "description": "SachinFootwearSachin GS 1002 BROWN Niwar Casual Wear (Saddle Brown, Saddle Brown, Saddle Brown, 6 UK (40 EU), 7 UK (41 EU), 8 UK (42 EU), 9 UK (43 EU), 10 UK (44 EU)", "brand": "Sachin", "price": 201, "mrp_price": 439, "url_height": 150, "url_width": 75, "images": "photos/images/xaa_25.jpeg", "stock": 999, "is_available": true, "category": 22, "created_date": "2022-12-16T21:55:41.271Z", "modified_date": "2022-12-16T21:55:41.271Z"}}, {"model": "store.product", "pk": 525, "fields": {"product_name": "Printed Crew-Neck T-shirt with Tie-Up", "slug": "printed-crew-neck-t-shirt-with-tie-up", "description": "FIRST CLASSTshirtsPrinted Crew-Neck T-shirt with Tie-Up", "brand": "FIRST CLASS", "price": 102, "mrp_price": 299, "url_height": 150, "url_width": 75, "images": "photos/images/xaa_142.jpeg", "stock": 999, "is_available": true, "category": 30, "created_date": "2022-12-16T21:55:41.283Z", "modified_date": "2022-12-16T21:55:41.283Z"}}, {"model": "store.product", "pk": 526, "fields": {"product_name": "Sequin Embellished Dungarees", "slug": "sequin-embellished-dungarees", "description": "KG FRENDZDungarees &PlaysuitsSequin Embellished Dungarees", "brand": "KG FRENDZ", "price": 384, "mrp_price": 799, "url_height": 150, "url_width": 75, "images": "photos/images/xaa_77.jpeg", "stock": 999, "is_available": true, "category": 39, "created_date": "2022-12-16T21:55:41.297Z", "modified_date": "2022-12-16T21:55:41.297Z"}}, {"model": "store.product", "pk": 527, "fields": {"product_name": "Chiffon Digital Print Regular Saree", "slug": "chiffon-digital-print-regular-saree", "description": "BAID'SSareesChiffon Digital Print Regular Saree", "brand": "BAID'S", "price": 442, "mrp_price": 599, "url_height": 150, "url_width": 75, "images": "photos/images/xaa_21.jpeg", "stock": 999, "is_available": true, "category": 9, "created_date": "2022-12-16T21:55:41.313Z", "modified_date": "2022-12-16T21:55:41.313Z"}}, {"model": "store.product", "pk": 528, "fields": {"product_name": "V-neck T-shirt with Logo Print", "slug": "v-neck-t-shirt-with-logo-print", "description": "ENCRUSTDTshirtsV-neck T-shirt with Logo Print", "brand": "ENCRUSTD", "price": 1169, "mrp_price": 1299, "url_height": 150, "url_width": 75, "images": "photos/images/xaa_87.jpeg", "stock": 999, "is_available": true, "category": 30, "created_date": "2022-12-16T21:55:41.325Z", "modified_date": "2022-12-16T21:55:41.325Z"}}, {"model": "store.product", "pk": 529, "fields": {"product_name": "PC Stretch Non Wired Sports Bra", "slug": "pc-stretch-non-wired-sports-bra", "description": "CLOVIABrasPC Stretch Non Wired Sports Bra", "brand": "CLOVIA", "price": 495, "mrp_price": 1199, "url_height": 150, "url_width": 75, "images": "photos/images/xaa_111.jpeg", "stock": 999, "is_available": true, "category": 40, "created_date": "2022-12-16T21:55:41.359Z", "modified_date": "2022-12-16T21:55:41.359Z"}}, {"model": "store.product", "pk": 531, "fields": {"product_name": "Banarasi Embellished Dupatta", "slug": "banarasi-embellished-dupatta", "description": "SILK LANDDupattasBanarasi Embellished Dupatta", "brand": "SILK LAND", "price": 662, "mrp_price": 1996, "url_height": 150, "url_width": 75, "images": "photos/images/xaa_76.jpeg", "stock": 999, "is_available": true, "category": 41, "created_date": "2022-12-16T21:55:41.375Z", "modified_date": "2022-12-16T21:55:41.375Z"}}, {"model": "store.product", "pk": 532, "fields": {"product_name": "Chevron Knit Slim Fit V-neck Cardigan", "slug": "chevron-knit-slim-fit-v-neck-cardigan", "description": "AVAASA MIX N' MATCHSweaters & CardigansChevron Knit Slim Fit V-neck Cardigan", "brand": "AVAASA MIX N' MATCH", "price": 458, "mrp_price": 899, "url_height": 150, "url_width": 75, "images": "photos/images/xaa_28.jpeg", "stock": 998, "is_available": true, "category": 10, "created_date": "2022-12-16T21:55:41.387Z", "modified_date": "2022-12-16T22:08:04.865Z"}}, {"model": "store.product", "pk": 533, "fields": {"product_name": "Cotton Stretch Joggers", "slug": "cotton-stretch-joggers", "description": "JACK'S STARTrack PantsCotton Stretch Joggers", "brand": "JACK'S STAR", "price": 156, "mrp_price": 450, "url_height": 150, "url_width": 75, "images": "photos/images/xaa_51.jpeg", "stock": 999, "is_available": true, "category": 42, "created_date": "2022-12-16T21:55:41.423Z", "modified_date": "2022-12-16T21:55:41.424Z"}}, {"model": "store.product", "pk": 534, "fields": {"product_name": "Slim Fit Track Pants with Drawstring Waist", "slug": "slim-fit-track-pants-with-drawstring-waist", "description": "JOHN PLAYERS JEANSTrack PantsSlim Fit Track Pants with Drawstring Waist", "brand": "JOHN PLAYERS JEANS", "price": 442, "mrp_price": 1299, "url_height": 150, "url_width": 75, "images": "photos/images/xaa_35.jpeg", "stock": 998, "is_available": true, "category": 42, "created_date": "2022-12-16T21:55:41.437Z", "modified_date": "2022-12-16T22:08:04.892Z"}}, {"model": "store.product", "pk": 535, "fields": {"product_name": "Cotton All over print Regular Saree", "slug": "cotton-all-over-print-regular-saree", "description": "MAGARISareesCotton All over print Regular Saree", "brand": "MAGARI", "price": 560, "mrp_price": 3699, "url_height": 150, "url_width": 75, "images": "photos/images/xaa_68.jpeg", "stock": 999, "is_available": true, "category": 9, "created_date": "2022-12-16T21:55:41.455Z", "modified_date": "2022-12-16T21:55:41.455Z"}}, {"model": "store.product", "pk": 536, "fields": {"product_name": "Border Saree with Blouse Piece", "slug": "border-saree-with-blouse-piece", "description": "DEAIMSareesBorder Saree with Blouse Piece", "brand": "DEAIM", "price": 500, "mrp_price": 1999, "url_height": 150, "url_width": 75, "images": "photos/images/xaa_89.jpeg", "stock": 999, "is_available": true, "category": 9, "created_date": "2022-12-16T21:55:41.467Z", "modified_date": "2022-12-16T21:55:41.467Z"}}, {"model": "store.product", "pk": 537, "fields": {"product_name": "V.B. SONS Cotton Plain / Solid Straight Kurta Set for Women Set Of 4, VB-090", "slug": "vb-sons-cotton-plain-solid-straight-kurta-set-for-women-set-of-4-vb-090", "description": "V.B. SONSWomen's EthnicV.B. SONS Cotton Plain / Solid Straight Kurta Set for Women Set Of 4, VB-090", "brand": "V.B. SONS", "price": 418, "mrp_price": 2299, "url_height": 150, "url_width": 75, "images": "photos/images/xaa_109.jpeg", "stock": 999, "is_available": true, "category": 14, "created_date": "2022-12-16T21:55:41.500Z", "modified_date": "2022-12-16T21:55:41.500Z"}}, {"model": "store.product", "pk": 538, "fields": {"product_name": "Ankle-Length Flared Jeans", "slug": "ankle-length-flared-jeans", "description": "KRAUSJeans & JeggingsAnkle-Length Flared Jeans", "brand": "KRAUS", "price": 0, "mrp_price": 0, "url_height": 150, "url_width": 75, "images": "photos/images/xaa_131.jpeg", "stock": 999, "is_available": true, "category": 19, "created_date": "2022-12-16T21:55:41.511Z", "modified_date": "2022-12-16T21:55:41.511Z"}}, {"model": "store.product", "pk": 539, "fields": {"product_name": "Polyester Solid Top", "slug": "polyester-solid-top", "description": "BYMAYRA FASHION CLOTHINGTopsPolyester Solid Top", "brand": "BYMAYRA FASHION CLOTHING", "price": 229, "mrp_price": 895, "url_height": 150, "url_width": 75, "images": "photos/images/xaa_103.jpeg", "stock": 999, "is_available": true, "category": 43, "created_date": "2022-12-16T21:55:41.538Z", "modified_date": "2022-12-16T21:55:41.538Z"}}, {"model": "store.product", "pk": 540, "fields": {"product_name": "Danish Silk Saree Satin Silk Woven Banarasi Saree (Rekha)", "slug": "danish-silk-saree-satin-silk-woven-banarasi-saree-rekha", "description": "Danish Silk SareeWomen's EthnicDanish Silk Saree Satin Silk Woven Banarasi Saree (Rekha)", "brand": "Danish Silk Saree", "price": 1365, "mrp_price": 2200, "url_height": 150, "url_width": 75, "images": "photos/images/xaa_88.jpeg", "stock": 999, "is_available": true, "category": 14, "created_date": "2022-12-16T21:55:41.549Z", "modified_date": "2022-12-16T21:55:41.549Z"}}, {"model": "store.product", "pk": 541, "fields": {"product_name": "Lace-Up Casual Shoes with Contrast Panels", "slug": "lace-up-casual-shoes-with-contrast-panels", "description": "HUNTERS BAYCasual ShoesLace-Up Casual Shoes with Contrast Panels", "brand": "HUNTERS BAY", "price": 909, "mrp_price": 1299, "url_height": 150, "url_width": 75, "images": "photos/images/xaa_2.jpeg", "stock": 998, "is_available": true, "category": 24, "created_date": "2022-12-16T21:55:41.560Z", "modified_date": "2022-12-16T22:08:04.916Z"}}, {"model": "store.product", "pk": 542, "fields": {"product_name": "Cotton Checks Casual Shirts", "slug": "cotton-checks-casual-shirts", "description": "SB SEE BASSShirtsCotton Checks Casual Shirts", "brand": "SB SEE BASS", "price": 326, "mrp_price": 799, "url_height": 150, "url_width": 75, "images": "photos/images/xaa_105.jpeg", "stock": 999, "is_available": true, "category": 1, "created_date": "2022-12-16T21:55:41.571Z", "modified_date": "2022-12-16T21:55:41.571Z"}}, {"model": "store.product", "pk": 543, "fields": {"product_name": "Coolers by Liberty Brown Slippers COOL99-81 For :- Mens", "slug": "coolers-by-liberty-brown-slippers-cool99-81-for-mens", "description": "LibertyFootwearCoolers by Liberty Brown Slippers COOL99-81 For :- Mens", "brand": "Liberty", "price": 558, "mrp_price": 799, "url_height": 150, "url_width": 75, "images": "photos/images/xaa_132.jpeg", "stock": 999, "is_available": true, "category": 22, "created_date": "2022-12-16T21:55:41.581Z", "modified_date": "2022-12-16T21:55:41.581Z"}}, {"model": "store.product", "pk": 545, "fields": {"product_name": "Shirt with Tie-Up Hem", "slug": "shirt-with-tie-up-hem", "description": "DNMXShirtsShirt with Tie-Up Hem", "brand": "DNMX", "price": 384, "mrp_price": 799, "url_height": 150, "url_width": 75, "images": "photos/images/xaa_41.jpeg", "stock": 999, "is_available": true, "category": 1, "created_date": "2022-12-16T21:55:41.597Z", "modified_date": "2022-12-16T21:55:41.597Z"}}, {"model": "store.product", "pk": 546, "fields": {"product_name": "Printed Sleeveless Tunic with Waist Tie-Up", "slug": "printed-sleeveless-tunic-with-waist-tie-up", "description": "FUSIONKurtis & TunicsPrinted Sleeveless Tunic with Waist Tie-Up", "brand": "FUSION", "price": 432, "mrp_price": 899, "url_height": 150, "url_width": 75, "images": "photos/images/xaa_37.jpeg", "stock": 999, "is_available": true, "category": 34, "created_date": "2022-12-16T21:55:41.622Z", "modified_date": "2022-12-16T21:55:41.622Z"}}, {"model": "store.product", "pk": 547, "fields": {"product_name": "VPR Maya9 blue Fabric Casual Wear Flat Sandal (Blue, 5 Uk (38 Eu), 6 Uk (39 Eu), 7 Uk (40 Eu), 8 Uk (41 Eu) Set Of 6, VPR_MAYA9_BL", "slug": "vpr-maya9-blue-fabric-casual-wear-flat-sandal-blue-5-uk-38-eu-6-uk-39-eu-7-uk-40-eu-8-uk-41-eu-set-of-6-vpr_maya9_bl", "description": "VPRFootwearVPR Maya9 blue Fabric Casual Wear Flat Sandal (Blue, 5 Uk (38 Eu), 6 Uk (39 Eu), 7 Uk (40 Eu), 8 Uk (41 Eu) Set Of 6, VPR_MAYA9_BL", "brand": "VPR", "price": 164, "mrp_price": 299, "url_height": 150, "url_width": 75, "images": "photos/images/xaa_125.jpeg", "stock": 999, "is_available": true, "category": 22, "created_date": "2022-12-16T21:55:41.647Z", "modified_date": "2022-12-16T21:55:41.647Z"}}, {"model": "store.product", "pk": 548, "fields": {"product_name": "Banarasi Printed  Dupatta", "slug": "banarasi-printed-dupatta", "description": "SUTRAMDupattasBanarasi Printed  Dupatta", "brand": "SUTRAM", "price": 305, "mrp_price": 1199, "url_height": 150, "url_width": 75, "images": "photos/images/xaa_120.jpeg", "stock": 999, "is_available": true, "category": 41, "created_date": "2022-12-16T21:55:41.657Z", "modified_date": "2022-12-16T21:55:41.657Z"}}, {"model": "store.product", "pk": 549, "fields": {"product_name": "Dani Printed Regular Saree", "slug": "dani-printed-regular-saree", "description": "FOR USareesDani Printed Regular Saree", "brand": "FOR U", "price": 162, "mrp_price": 399, "url_height": 150, "url_width": 75, "images": "photos/images/xaa_154.jpeg", "stock": 999, "is_available": true, "category": 9, "created_date": "2022-12-16T21:55:41.668Z", "modified_date": "2022-12-16T21:55:41.668Z"}}, {"model": "store.product", "pk": 550, "fields": {"product_name": "Pack of 2 Crew-Neck T-shirts", "slug": "pack-of-2-crew-neck-t-shirts", "description": "AP'PULSETshirtsPack of 2 Crew-Neck T-shirts", "brand": "AP'PULSE", "price": 999, "mrp_price": 1998, "url_height": 150, "url_width": 75, "images": "photos/images/xaa_119.jpeg", "stock": 999, "is_available": true, "category": 30, "created_date": "2022-12-16T21:55:41.679Z", "modified_date": "2022-12-16T21:55:41.680Z"}}, {"model": "store.variation", "pk": 373, "fields": {"product": 417, "variation_category": "size", "variation_value": "universal", "is_active": true, "created_date": "2022-12-16T21:55:39.821Z"}}, {"model": "store.variation", "pk": 374, "fields": {"product": 417, "variation_category": "color", "variation_value": "basic", "is_active": true, "created_date": "2022-12-16T21:55:39.824Z"}}, {"model": "store.variation", "pk": 375, "fields": {"product": 418, "variation_category": "size", "variation_value": "universal", "is_active": true, "created_date": "2022-12-16T21:55:39.834Z"}}, {"model": "store.variation", "pk": 376, "fields": {"product": 418, "variation_category": "color", "variation_value": "black", "is_active": true, "created_date": "2022-12-16T21:55:39.837Z"}}, {"model": "store.variation", "pk": 377, "fields": {"product": 419, "variation_category": "size", "variation_value": "universal", "is_active": true, "created_date": "2022-12-16T21:55:39.845Z"}}, {"model": "store.variation", "pk": 378, "fields": {"product": 419, "variation_category": "color", "variation_value": "basic", "is_active": true, "created_date": "2022-12-16T21:55:39.847Z"}}, {"model": "store.variation", "pk": 379, "fields": {"product": 420, "variation_category": "size", "variation_value": "universal", "is_active": true, "created_date": "2022-12-16T21:55:39.856Z"}}, {"model": "store.variation", "pk": 380, "fields": {"product": 420, "variation_category": "color", "variation_value": "green", "is_active": true, "created_date": "2022-12-16T21:55:39.859Z"}}, {"model": "store.variation", "pk": 381, "fields": {"product": 420, "variation_category": "color", "variation_value": "mustard", "is_active": true, "created_date": "2022-12-16T21:55:39.861Z"}}, {"model": "store.variation", "pk": 382, "fields": {"product": 421, "variation_category": "size", "variation_value": "28", "is_active": true, "created_date": "2022-12-16T21:55:39.869Z"}}, {"model": "store.variation", "pk": 383, "fields": {"product": 421, "variation_category": "size", "variation_value": " 30 ", "is_active": true, "created_date": "2022-12-16T21:55:39.871Z"}}, {"model": "store.variation", "pk": 384, "fields": {"product": 421, "variation_category": "size", "variation_value": " 32 ", "is_active": true, "created_date": "2022-12-16T21:55:39.873Z"}}, {"model": "store.variation", "pk": 385, "fields": {"product": 421, "variation_category": "size", "variation_value": " 34 ", "is_active": true, "created_date": "2022-12-16T21:55:39.875Z"}}, {"model": "store.variation", "pk": 386, "fields": {"product": 421, "variation_category": "size", "variation_value": " 36 ", "is_active": true, "created_date": "2022-12-16T21:55:39.877Z"}}, {"model": "store.variation", "pk": 387, "fields": {"product": 421, "variation_category": "size", "variation_value": " 38 ", "is_active": true, "created_date": "2022-12-16T21:55:39.880Z"}}, {"model": "store.variation", "pk": 388, "fields": {"product": 421, "variation_category": "size", "variation_value": "40", "is_active": true, "created_date": "2022-12-16T21:55:39.882Z"}}, {"model": "store.variation", "pk": 389, "fields": {"product": 421, "variation_category": "size", "variation_value": "42", "is_active": true, "created_date": "2022-12-16T21:55:39.884Z"}}, {"model": "store.variation", "pk": 390, "fields": {"product": 421, "variation_category": "color", "variation_value": "lt-blue", "is_active": true, "created_date": "2022-12-16T21:55:39.888Z"}}, {"model": "store.variation", "pk": 391, "fields": {"product": 422, "variation_category": "size", "variation_value": "universal", "is_active": true, "created_date": "2022-12-16T21:55:39.897Z"}}, {"model": "store.variation", "pk": 392, "fields": {"product": 422, "variation_category": "color", "variation_value": "basic", "is_active": true, "created_date": "2022-12-16T21:55:39.900Z"}}, {"model": "store.variation", "pk": 393, "fields": {"product": 423, "variation_category": "size", "variation_value": " 28 ", "is_active": true, "created_date": "2022-12-16T21:55:39.909Z"}}, {"model": "store.variation", "pk": 394, "fields": {"product": 423, "variation_category": "size", "variation_value": " 30 ", "is_active": true, "created_date": "2022-12-16T21:55:39.912Z"}}, {"model": "store.variation", "pk": 395, "fields": {"product": 423, "variation_category": "size", "variation_value": " 32 ", "is_active": true, "created_date": "2022-12-16T21:55:39.915Z"}}, {"model": "store.variation", "pk": 396, "fields": {"product": 423, "variation_category": "size", "variation_value": " 34 ", "is_active": true, "created_date": "2022-12-16T21:55:39.917Z"}}, {"model": "store.variation", "pk": 397, "fields": {"product": 423, "variation_category": "size", "variation_value": " 36 ", "is_active": true, "created_date": "2022-12-16T21:55:39.920Z"}}, {"model": "store.variation", "pk": 398, "fields": {"product": 423, "variation_category": "size", "variation_value": " 38 ", "is_active": true, "created_date": "2022-12-16T21:55:39.923Z"}}, {"model": "store.variation", "pk": 399, "fields": {"product": 423, "variation_category": "size", "variation_value": "40", "is_active": true, "created_date": "2022-12-16T21:55:39.926Z"}}, {"model": "store.variation", "pk": 400, "fields": {"product": 423, "variation_category": "size", "variation_value": "42", "is_active": true, "created_date": "2022-12-16T21:55:39.928Z"}}, {"model": "store.variation", "pk": 401, "fields": {"product": 423, "variation_category": "color", "variation_value": "black", "is_active": true, "created_date": "2022-12-16T21:55:39.932Z"}}, {"model": "store.variation", "pk": 402, "fields": {"product": 423, "variation_category": "color", "variation_value": "blue", "is_active": true, "created_date": "2022-12-16T21:55:39.934Z"}}, {"model": "store.variation", "pk": 403, "fields": {"product": 424, "variation_category": "size", "variation_value": "universal", "is_active": true, "created_date": "2022-12-16T21:55:39.944Z"}}, {"model": "store.variation", "pk": 404, "fields": {"product": 424, "variation_category": "color", "variation_value": "basic", "is_active": true, "created_date": "2022-12-16T21:55:39.947Z"}}, {"model": "store.variation", "pk": 405, "fields": {"product": 425, "variation_category": "size", "variation_value": "universal", "is_active": true, "created_date": "2022-12-16T21:55:39.957Z"}}, {"model": "store.variation", "pk": 406, "fields": {"product": 425, "variation_category": "color", "variation_value": "basic", "is_active": true, "created_date": "2022-12-16T21:55:39.960Z"}}, {"model": "store.variation", "pk": 407, "fields": {"product": 426, "variation_category": "size", "variation_value": "universal", "is_active": true, "created_date": "2022-12-16T21:55:39.969Z"}}, {"model": "store.variation", "pk": 408, "fields": {"product": 426, "variation_category": "color", "variation_value": "basic", "is_active": true, "created_date": "2022-12-16T21:55:39.972Z"}}, {"model": "store.variation", "pk": 409, "fields": {"product": 427, "variation_category": "size", "variation_value": "universal", "is_active": true, "created_date": "2022-12-16T21:55:39.982Z"}}, {"model": "store.variation", "pk": 410, "fields": {"product": 427, "variation_category": "color", "variation_value": "basic", "is_active": true, "created_date": "2022-12-16T21:55:39.984Z"}}, {"model": "store.variation", "pk": 411, "fields": {"product": 428, "variation_category": "size", "variation_value": " 6 ", "is_active": true, "created_date": "2022-12-16T21:55:39.994Z"}}, {"model": "store.variation", "pk": 412, "fields": {"product": 428, "variation_category": "size", "variation_value": " 7 ", "is_active": true, "created_date": "2022-12-16T21:55:39.996Z"}}, {"model": "store.variation", "pk": 413, "fields": {"product": 428, "variation_category": "size", "variation_value": " 8 ", "is_active": true, "created_date": "2022-12-16T21:55:39.999Z"}}, {"model": "store.variation", "pk": 414, "fields": {"product": 428, "variation_category": "size", "variation_value": " 9 ", "is_active": true, "created_date": "2022-12-16T21:55:40.002Z"}}, {"model": "store.variation", "pk": 415, "fields": {"product": 428, "variation_category": "size", "variation_value": " 10 ", "is_active": true, "created_date": "2022-12-16T21:55:40.004Z"}}, {"model": "store.variation", "pk": 416, "fields": {"product": 428, "variation_category": "size", "variation_value": " 11 ", "is_active": true, "created_date": "2022-12-16T21:55:40.007Z"}}, {"model": "store.variation", "pk": 417, "fields": {"product": 428, "variation_category": "color", "variation_value": "blk-tan", "is_active": true, "created_date": "2022-12-16T21:55:40.010Z"}}, {"model": "store.variation", "pk": 418, "fields": {"product": 429, "variation_category": "size", "variation_value": "universal", "is_active": true, "created_date": "2022-12-16T21:55:40.019Z"}}, {"model": "store.variation", "pk": 419, "fields": {"product": 429, "variation_category": "color", "variation_value": "basic", "is_active": true, "created_date": "2022-12-16T21:55:40.023Z"}}, {"model": "store.variation", "pk": 420, "fields": {"product": 430, "variation_category": "size", "variation_value": "S", "is_active": true, "created_date": "2022-12-16T21:55:40.032Z"}}, {"model": "store.variation", "pk": 421, "fields": {"product": 430, "variation_category": "size", "variation_value": "M", "is_active": true, "created_date": "2022-12-16T21:55:40.035Z"}}, {"model": "store.variation", "pk": 422, "fields": {"product": 430, "variation_category": "size", "variation_value": "L", "is_active": true, "created_date": "2022-12-16T21:55:40.038Z"}}, {"model": "store.variation", "pk": 423, "fields": {"product": 430, "variation_category": "size", "variation_value": "XL", "is_active": true, "created_date": "2022-12-16T21:55:40.040Z"}}, {"model": "store.variation", "pk": 424, "fields": {"product": 430, "variation_category": "size", "variation_value": "XXL", "is_active": true, "created_date": "2022-12-16T21:55:40.043Z"}}, {"model": "store.variation", "pk": 425, "fields": {"product": 430, "variation_category": "color", "variation_value": "peach", "is_active": true, "created_date": "2022-12-16T21:55:40.046Z"}}, {"model": "store.variation", "pk": 426, "fields": {"product": 431, "variation_category": "size", "variation_value": "universal", "is_active": true, "created_date": "2022-12-16T21:55:40.056Z"}}, {"model": "store.variation", "pk": 427, "fields": {"product": 431, "variation_category": "color", "variation_value": "basic", "is_active": true, "created_date": "2022-12-16T21:55:40.059Z"}}, {"model": "store.variation", "pk": 428, "fields": {"product": 432, "variation_category": "size", "variation_value": "universal", "is_active": true, "created_date": "2022-12-16T21:55:40.068Z"}}, {"model": "store.variation", "pk": 429, "fields": {"product": 432, "variation_category": "color", "variation_value": "basic", "is_active": true, "created_date": "2022-12-16T21:55:40.079Z"}}, {"model": "store.variation", "pk": 430, "fields": {"product": 433, "variation_category": "size", "variation_value": " 12M ", "is_active": true, "created_date": "2022-12-16T21:55:40.090Z"}}, {"model": "store.variation", "pk": 431, "fields": {"product": 433, "variation_category": "size", "variation_value": " 18M ", "is_active": true, "created_date": "2022-12-16T21:55:40.092Z"}}, {"model": "store.variation", "pk": 432, "fields": {"product": 433, "variation_category": "size", "variation_value": "24M", "is_active": true, "created_date": "2022-12-16T21:55:40.095Z"}}, {"model": "store.variation", "pk": 433, "fields": {"product": 433, "variation_category": "size", "variation_value": "3-4Y", "is_active": true, "created_date": "2022-12-16T21:55:40.097Z"}}, {"model": "store.variation", "pk": 434, "fields": {"product": 433, "variation_category": "size", "variation_value": " 4-5Y ", "is_active": true, "created_date": "2022-12-16T21:55:40.100Z"}}, {"model": "store.variation", "pk": 435, "fields": {"product": 433, "variation_category": "size", "variation_value": "5-6Y", "is_active": true, "created_date": "2022-12-16T21:55:40.102Z"}}, {"model": "store.variation", "pk": 436, "fields": {"product": 433, "variation_category": "size", "variation_value": "7-8Y", "is_active": true, "created_date": "2022-12-16T21:55:40.105Z"}}, {"model": "store.variation", "pk": 437, "fields": {"product": 433, "variation_category": "size", "variation_value": "9-10Y", "is_active": true, "created_date": "2022-12-16T21:55:40.107Z"}}, {"model": "store.variation", "pk": 438, "fields": {"product": 433, "variation_category": "size", "variation_value": "11-12Y", "is_active": true, "created_date": "2022-12-16T21:55:40.109Z"}}, {"model": "store.variation", "pk": 439, "fields": {"product": 433, "variation_category": "size", "variation_value": "13-14Y", "is_active": true, "created_date": "2022-12-16T21:55:40.112Z"}}, {"model": "store.variation", "pk": 440, "fields": {"product": 433, "variation_category": "size", "variation_value": "15-16Y", "is_active": true, "created_date": "2022-12-16T21:55:40.114Z"}}, {"model": "store.variation", "pk": 441, "fields": {"product": 433, "variation_category": "color", "variation_value": "indigo-blue", "is_active": true, "created_date": "2022-12-16T21:55:40.117Z"}}, {"model": "store.variation", "pk": 442, "fields": {"product": 434, "variation_category": "size", "variation_value": "universal", "is_active": true, "created_date": "2022-12-16T21:55:40.126Z"}}, {"model": "store.variation", "pk": 443, "fields": {"product": 434, "variation_category": "color", "variation_value": "basic", "is_active": true, "created_date": "2022-12-16T21:55:40.129Z"}}, {"model": "store.variation", "pk": 444, "fields": {"product": 435, "variation_category": "size", "variation_value": "FS", "is_active": true, "created_date": "2022-12-16T21:55:40.139Z"}}, {"model": "store.variation", "pk": 445, "fields": {"product": 435, "variation_category": "color", "variation_value": "green", "is_active": true, "created_date": "2022-12-16T21:55:40.142Z"}}, {"model": "store.variation", "pk": 446, "fields": {"product": 435, "variation_category": "color", "variation_value": "maroon", "is_active": true, "created_date": "2022-12-16T21:55:40.144Z"}}, {"model": "store.variation", "pk": 447, "fields": {"product": 435, "variation_category": "color", "variation_value": "olive", "is_active": true, "created_date": "2022-12-16T21:55:40.147Z"}}, {"model": "store.variation", "pk": 448, "fields": {"product": 435, "variation_category": "color", "variation_value": "pink", "is_active": true, "created_date": "2022-12-16T21:55:40.149Z"}}, {"model": "store.variation", "pk": 449, "fields": {"product": 435, "variation_category": "color", "variation_value": "brown", "is_active": true, "created_date": "2022-12-16T21:55:40.151Z"}}, {"model": "store.variation", "pk": 450, "fields": {"product": 435, "variation_category": "color", "variation_value": "purple", "is_active": true, "created_date": "2022-12-16T21:55:40.153Z"}}, {"model": "store.variation", "pk": 451, "fields": {"product": 435, "variation_category": "color", "variation_value": "red", "is_active": true, "created_date": "2022-12-16T21:55:40.156Z"}}, {"model": "store.variation", "pk": 452, "fields": {"product": 435, "variation_category": "color", "variation_value": "blue", "is_active": true, "created_date": "2022-12-16T21:55:40.158Z"}}, {"model": "store.variation", "pk": 453, "fields": {"product": 435, "variation_category": "color", "variation_value": "orange", "is_active": true, "created_date": "2022-12-16T21:55:40.160Z"}}, {"model": "store.variation", "pk": 454, "fields": {"product": 435, "variation_category": "color", "variation_value": "yellow", "is_active": true, "created_date": "2022-12-16T21:55:40.163Z"}}, {"model": "store.variation", "pk": 455, "fields": {"product": 436, "variation_category": "size", "variation_value": "universal", "is_active": true, "created_date": "2022-12-16T21:55:40.171Z"}}, {"model": "store.variation", "pk": 456, "fields": {"product": 436, "variation_category": "color", "variation_value": "basic", "is_active": true, "created_date": "2022-12-16T21:55:40.173Z"}}, {"model": "store.variation", "pk": 457, "fields": {"product": 437, "variation_category": "size", "variation_value": "universal", "is_active": true, "created_date": "2022-12-16T21:55:40.181Z"}}, {"model": "store.variation", "pk": 458, "fields": {"product": 437, "variation_category": "color", "variation_value": "basic", "is_active": true, "created_date": "2022-12-16T21:55:40.184Z"}}, {"model": "store.variation", "pk": 459, "fields": {"product": 438, "variation_category": "size", "variation_value": "28", "is_active": true, "created_date": "2022-12-16T21:55:40.193Z"}}, {"model": "store.variation", "pk": 460, "fields": {"product": 438, "variation_category": "size", "variation_value": "30", "is_active": true, "created_date": "2022-12-16T21:55:40.195Z"}}, {"model": "store.variation", "pk": 461, "fields": {"product": 438, "variation_category": "size", "variation_value": "32", "is_active": true, "created_date": "2022-12-16T21:55:40.197Z"}}, {"model": "store.variation", "pk": 462, "fields": {"product": 438, "variation_category": "size", "variation_value": "34", "is_active": true, "created_date": "2022-12-16T21:55:40.199Z"}}, {"model": "store.variation", "pk": 463, "fields": {"product": 438, "variation_category": "size", "variation_value": "36", "is_active": true, "created_date": "2022-12-16T21:55:40.201Z"}}, {"model": "store.variation", "pk": 464, "fields": {"product": 438, "variation_category": "color", "variation_value": "basic", "is_active": true, "created_date": "2022-12-16T21:55:40.204Z"}}, {"model": "store.variation", "pk": 465, "fields": {"product": 439, "variation_category": "size", "variation_value": "universal", "is_active": true, "created_date": "2022-12-16T21:55:40.212Z"}}, {"model": "store.variation", "pk": 466, "fields": {"product": 439, "variation_category": "color", "variation_value": "basic", "is_active": true, "created_date": "2022-12-16T21:55:40.215Z"}}, {"model": "store.variation", "pk": 467, "fields": {"product": 440, "variation_category": "size", "variation_value": "universal", "is_active": true, "created_date": "2022-12-16T21:55:40.223Z"}}, {"model": "store.variation", "pk": 468, "fields": {"product": 440, "variation_category": "color", "variation_value": "basic", "is_active": true, "created_date": "2022-12-16T21:55:40.225Z"}}, {"model": "store.variation", "pk": 469, "fields": {"product": 441, "variation_category": "size", "variation_value": "universal", "is_active": true, "created_date": "2022-12-16T21:55:40.233Z"}}, {"model": "store.variation", "pk": 470, "fields": {"product": 441, "variation_category": "color", "variation_value": "basic", "is_active": true, "created_date": "2022-12-16T21:55:40.236Z"}}, {"model": "store.variation", "pk": 471, "fields": {"product": 442, "variation_category": "size", "variation_value": "universal", "is_active": true, "created_date": "2022-12-16T21:55:40.245Z"}}, {"model": "store.variation", "pk": 472, "fields": {"product": 442, "variation_category": "color", "variation_value": "basic", "is_active": true, "created_date": "2022-12-16T21:55:40.247Z"}}, {"model": "store.variation", "pk": 473, "fields": {"product": 443, "variation_category": "size", "variation_value": "OS", "is_active": true, "created_date": "2022-12-16T21:55:40.255Z"}}, {"model": "store.variation", "pk": 474, "fields": {"product": 443, "variation_category": "color", "variation_value": "peach", "is_active": true, "created_date": "2022-12-16T21:55:40.258Z"}}, {"model": "store.variation", "pk": 475, "fields": {"product": 445, "variation_category": "size", "variation_value": "FS", "is_active": true, "created_date": "2022-12-16T21:55:40.270Z"}}, {"model": "store.variation", "pk": 476, "fields": {"product": 445, "variation_category": "color", "variation_value": "magenta", "is_active": true, "created_date": "2022-12-16T21:55:40.273Z"}}, {"model": "store.variation", "pk": 477, "fields": {"product": 447, "variation_category": "size", "variation_value": "universal", "is_active": true, "created_date": "2022-12-16T21:55:40.286Z"}}, {"model": "store.variation", "pk": 478, "fields": {"product": 447, "variation_category": "color", "variation_value": "basic", "is_active": true, "created_date": "2022-12-16T21:55:40.289Z"}}, {"model": "store.variation", "pk": 479, "fields": {"product": 448, "variation_category": "size", "variation_value": "universal", "is_active": true, "created_date": "2022-12-16T21:55:40.298Z"}}, {"model": "store.variation", "pk": 480, "fields": {"product": 448, "variation_category": "color", "variation_value": "basic", "is_active": true, "created_date": "2022-12-16T21:55:40.300Z"}}, {"model": "store.variation", "pk": 481, "fields": {"product": 449, "variation_category": "size", "variation_value": "universal", "is_active": true, "created_date": "2022-12-16T21:55:40.308Z"}}, {"model": "store.variation", "pk": 482, "fields": {"product": 449, "variation_category": "color", "variation_value": "basic", "is_active": true, "created_date": "2022-12-16T21:55:40.311Z"}}, {"model": "store.variation", "pk": 483, "fields": {"product": 450, "variation_category": "size", "variation_value": "universal", "is_active": true, "created_date": "2022-12-16T21:55:40.319Z"}}, {"model": "store.variation", "pk": 484, "fields": {"product": 450, "variation_category": "color", "variation_value": "basic", "is_active": true, "created_date": "2022-12-16T21:55:40.321Z"}}, {"model": "store.variation", "pk": 485, "fields": {"product": 451, "variation_category": "size", "variation_value": "universal", "is_active": true, "created_date": "2022-12-16T21:55:40.330Z"}}, {"model": "store.variation", "pk": 486, "fields": {"product": 451, "variation_category": "color", "variation_value": "basic", "is_active": true, "created_date": "2022-12-16T21:55:40.332Z"}}, {"model": "store.variation", "pk": 487, "fields": {"product": 452, "variation_category": "size", "variation_value": " 5 ", "is_active": true, "created_date": "2022-12-16T21:55:40.341Z"}}, {"model": "store.variation", "pk": 488, "fields": {"product": 452, "variation_category": "size", "variation_value": "6", "is_active": true, "created_date": "2022-12-16T21:55:40.343Z"}}, {"model": "store.variation", "pk": 489, "fields": {"product": 452, "variation_category": "size", "variation_value": " 7 ", "is_active": true, "created_date": "2022-12-16T21:55:40.345Z"}}, {"model": "store.variation", "pk": 490, "fields": {"product": 452, "variation_category": "size", "variation_value": "8", "is_active": true, "created_date": "2022-12-16T21:55:40.348Z"}}, {"model": "store.variation", "pk": 491, "fields": {"product": 452, "variation_category": "size", "variation_value": "9", "is_active": true, "created_date": "2022-12-16T21:55:40.350Z"}}, {"model": "store.variation", "pk": 492, "fields": {"product": 452, "variation_category": "size", "variation_value": "10", "is_active": true, "created_date": "2022-12-16T21:55:40.352Z"}}, {"model": "store.variation", "pk": 493, "fields": {"product": 452, "variation_category": "color", "variation_value": "basic", "is_active": true, "created_date": "2022-12-16T21:55:40.355Z"}}, {"model": "store.variation", "pk": 494, "fields": {"product": 453, "variation_category": "size", "variation_value": "28", "is_active": true, "created_date": "2022-12-16T21:55:40.363Z"}}, {"model": "store.variation", "pk": 495, "fields": {"product": 453, "variation_category": "size", "variation_value": "30", "is_active": true, "created_date": "2022-12-16T21:55:40.365Z"}}, {"model": "store.variation", "pk": 496, "fields": {"product": 453, "variation_category": "size", "variation_value": "32", "is_active": true, "created_date": "2022-12-16T21:55:40.367Z"}}, {"model": "store.variation", "pk": 497, "fields": {"product": 453, "variation_category": "size", "variation_value": "34", "is_active": true, "created_date": "2022-12-16T21:55:40.370Z"}}, {"model": "store.variation", "pk": 498, "fields": {"product": 453, "variation_category": "color", "variation_value": "basic", "is_active": true, "created_date": "2022-12-16T21:55:40.372Z"}}, {"model": "store.variation", "pk": 499, "fields": {"product": 454, "variation_category": "size", "variation_value": "universal", "is_active": true, "created_date": "2022-12-16T21:55:40.381Z"}}, {"model": "store.variation", "pk": 500, "fields": {"product": 454, "variation_category": "color", "variation_value": "basic", "is_active": true, "created_date": "2022-12-16T21:55:40.383Z"}}, {"model": "store.variation", "pk": 501, "fields": {"product": 455, "variation_category": "size", "variation_value": "universal", "is_active": true, "created_date": "2022-12-16T21:55:40.392Z"}}, {"model": "store.variation", "pk": 502, "fields": {"product": 455, "variation_category": "color", "variation_value": "basic", "is_active": true, "created_date": "2022-12-16T21:55:40.395Z"}}, {"model": "store.variation", "pk": 503, "fields": {"product": 457, "variation_category": "size", "variation_value": "universal", "is_active": true, "created_date": "2022-12-16T21:55:40.410Z"}}, {"model": "store.variation", "pk": 504, "fields": {"product": 457, "variation_category": "color", "variation_value": "basic", "is_active": true, "created_date": "2022-12-16T21:55:40.412Z"}}, {"model": "store.variation", "pk": 505, "fields": {"product": 458, "variation_category": "size", "variation_value": "universal", "is_active": true, "created_date": "2022-12-16T21:55:40.422Z"}}, {"model": "store.variation", "pk": 506, "fields": {"product": 458, "variation_category": "color", "variation_value": "basic", "is_active": true, "created_date": "2022-12-16T21:55:40.425Z"}}, {"model": "store.variation", "pk": 507, "fields": {"product": 459, "variation_category": "size", "variation_value": " 3 ", "is_active": true, "created_date": "2022-12-16T21:55:40.434Z"}}, {"model": "store.variation", "pk": 508, "fields": {"product": 459, "variation_category": "size", "variation_value": " 4 ", "is_active": true, "created_date": "2022-12-16T21:55:40.436Z"}}, {"model": "store.variation", "pk": 509, "fields": {"product": 459, "variation_category": "size", "variation_value": " 5 ", "is_active": true, "created_date": "2022-12-16T21:55:40.439Z"}}, {"model": "store.variation", "pk": 510, "fields": {"product": 459, "variation_category": "size", "variation_value": " 6 ", "is_active": true, "created_date": "2022-12-16T21:55:40.441Z"}}, {"model": "store.variation", "pk": 511, "fields": {"product": 459, "variation_category": "size", "variation_value": " 7 ", "is_active": true, "created_date": "2022-12-16T21:55:40.443Z"}}, {"model": "store.variation", "pk": 512, "fields": {"product": 459, "variation_category": "size", "variation_value": " 8 ", "is_active": true, "created_date": "2022-12-16T21:55:40.445Z"}}, {"model": "store.variation", "pk": 513, "fields": {"product": 459, "variation_category": "color", "variation_value": "black", "is_active": true, "created_date": "2022-12-16T21:55:40.448Z"}}, {"model": "store.variation", "pk": 514, "fields": {"product": 459, "variation_category": "color", "variation_value": "grey", "is_active": true, "created_date": "2022-12-16T21:55:40.451Z"}}, {"model": "store.variation", "pk": 515, "fields": {"product": 460, "variation_category": "size", "variation_value": "universal", "is_active": true, "created_date": "2022-12-16T21:55:40.459Z"}}, {"model": "store.variation", "pk": 516, "fields": {"product": 460, "variation_category": "color", "variation_value": "anthra-melange", "is_active": true, "created_date": "2022-12-16T21:55:40.463Z"}}, {"model": "store.variation", "pk": 517, "fields": {"product": 461, "variation_category": "size", "variation_value": "universal", "is_active": true, "created_date": "2022-12-16T21:55:40.473Z"}}, {"model": "store.variation", "pk": 518, "fields": {"product": 461, "variation_category": "color", "variation_value": "basic", "is_active": true, "created_date": "2022-12-16T21:55:40.475Z"}}, {"model": "store.variation", "pk": 519, "fields": {"product": 462, "variation_category": "size", "variation_value": "universal", "is_active": true, "created_date": "2022-12-16T21:55:40.483Z"}}, {"model": "store.variation", "pk": 520, "fields": {"product": 462, "variation_category": "color", "variation_value": "basic", "is_active": true, "created_date": "2022-12-16T21:55:40.486Z"}}, {"model": "store.variation", "pk": 521, "fields": {"product": 463, "variation_category": "size", "variation_value": "universal", "is_active": true, "created_date": "2022-12-16T21:55:40.495Z"}}, {"model": "store.variation", "pk": 522, "fields": {"product": 463, "variation_category": "color", "variation_value": "black", "is_active": true, "created_date": "2022-12-16T21:55:40.498Z"}}, {"model": "store.variation", "pk": 523, "fields": {"product": 464, "variation_category": "size", "variation_value": "universal", "is_active": true, "created_date": "2022-12-16T21:55:40.506Z"}}, {"model": "store.variation", "pk": 524, "fields": {"product": 464, "variation_category": "color", "variation_value": "basic", "is_active": true, "created_date": "2022-12-16T21:55:40.509Z"}}, {"model": "store.variation", "pk": 525, "fields": {"product": 465, "variation_category": "size", "variation_value": "universal", "is_active": true, "created_date": "2022-12-16T21:55:40.517Z"}}, {"model": "store.variation", "pk": 526, "fields": {"product": 465, "variation_category": "color", "variation_value": "basic", "is_active": true, "created_date": "2022-12-16T21:55:40.519Z"}}, {"model": "store.variation", "pk": 527, "fields": {"product": 466, "variation_category": "size", "variation_value": "universal", "is_active": true, "created_date": "2022-12-16T21:55:40.527Z"}}, {"model": "store.variation", "pk": 528, "fields": {"product": 466, "variation_category": "color", "variation_value": "basic", "is_active": true, "created_date": "2022-12-16T21:55:40.530Z"}}, {"model": "store.variation", "pk": 529, "fields": {"product": 467, "variation_category": "size", "variation_value": " 6 ", "is_active": true, "created_date": "2022-12-16T21:55:40.538Z"}}, {"model": "store.variation", "pk": 530, "fields": {"product": 467, "variation_category": "size", "variation_value": " 7 ", "is_active": true, "created_date": "2022-12-16T21:55:40.540Z"}}, {"model": "store.variation", "pk": 531, "fields": {"product": 467, "variation_category": "size", "variation_value": " 8 ", "is_active": true, "created_date": "2022-12-16T21:55:40.543Z"}}, {"model": "store.variation", "pk": 532, "fields": {"product": 467, "variation_category": "size", "variation_value": " 9 ", "is_active": true, "created_date": "2022-12-16T21:55:40.545Z"}}, {"model": "store.variation", "pk": 533, "fields": {"product": 467, "variation_category": "size", "variation_value": " 10 ", "is_active": true, "created_date": "2022-12-16T21:55:40.548Z"}}, {"model": "store.variation", "pk": 534, "fields": {"product": 467, "variation_category": "size", "variation_value": " 11 ", "is_active": true, "created_date": "2022-12-16T21:55:40.551Z"}}, {"model": "store.variation", "pk": 535, "fields": {"product": 467, "variation_category": "color", "variation_value": "black", "is_active": true, "created_date": "2022-12-16T21:55:40.554Z"}}, {"model": "store.variation", "pk": 536, "fields": {"product": 467, "variation_category": "color", "variation_value": "tan", "is_active": true, "created_date": "2022-12-16T21:55:40.556Z"}}, {"model": "store.variation", "pk": 537, "fields": {"product": 468, "variation_category": "size", "variation_value": "universal", "is_active": true, "created_date": "2022-12-16T21:55:40.564Z"}}, {"model": "store.variation", "pk": 538, "fields": {"product": 468, "variation_category": "color", "variation_value": "basic", "is_active": true, "created_date": "2022-12-16T21:55:40.567Z"}}, {"model": "store.variation", "pk": 539, "fields": {"product": 469, "variation_category": "size", "variation_value": "OS", "is_active": true, "created_date": "2022-12-16T21:55:40.575Z"}}, {"model": "store.variation", "pk": 540, "fields": {"product": 469, "variation_category": "color", "variation_value": "beige", "is_active": true, "created_date": "2022-12-16T21:55:40.578Z"}}, {"model": "store.variation", "pk": 541, "fields": {"product": 470, "variation_category": "size", "variation_value": "universal", "is_active": true, "created_date": "2022-12-16T21:55:40.585Z"}}, {"model": "store.variation", "pk": 542, "fields": {"product": 470, "variation_category": "color", "variation_value": "basic", "is_active": true, "created_date": "2022-12-16T21:55:40.588Z"}}, {"model": "store.variation", "pk": 543, "fields": {"product": 471, "variation_category": "size", "variation_value": "universal", "is_active": true, "created_date": "2022-12-16T21:55:40.597Z"}}, {"model": "store.variation", "pk": 544, "fields": {"product": 471, "variation_category": "color", "variation_value": "off-white", "is_active": true, "created_date": "2022-12-16T21:55:40.599Z"}}, {"model": "store.variation", "pk": 545, "fields": {"product": 471, "variation_category": "color", "variation_value": "navy", "is_active": true, "created_date": "2022-12-16T21:55:40.601Z"}}, {"model": "store.variation", "pk": 546, "fields": {"product": 471, "variation_category": "color", "variation_value": "maroon", "is_active": true, "created_date": "2022-12-16T21:55:40.604Z"}}, {"model": "store.variation", "pk": 547, "fields": {"product": 472, "variation_category": "size", "variation_value": "universal", "is_active": true, "created_date": "2022-12-16T21:55:40.612Z"}}, {"model": "store.variation", "pk": 548, "fields": {"product": 472, "variation_category": "color", "variation_value": "basic", "is_active": true, "created_date": "2022-12-16T21:55:40.615Z"}}, {"model": "store.variation", "pk": 549, "fields": {"product": 473, "variation_category": "size", "variation_value": "universal", "is_active": true, "created_date": "2022-12-16T21:55:40.623Z"}}, {"model": "store.variation", "pk": 550, "fields": {"product": 473, "variation_category": "color", "variation_value": "basic", "is_active": true, "created_date": "2022-12-16T21:55:40.625Z"}}, {"model": "store.variation", "pk": 551, "fields": {"product": 474, "variation_category": "size", "variation_value": "universal", "is_active": true, "created_date": "2022-12-16T21:55:40.634Z"}}, {"model": "store.variation", "pk": 552, "fields": {"product": 474, "variation_category": "color", "variation_value": "basic", "is_active": true, "created_date": "2022-12-16T21:55:40.636Z"}}, {"model": "store.variation", "pk": 553, "fields": {"product": 475, "variation_category": "size", "variation_value": "universal", "is_active": true, "created_date": "2022-12-16T21:55:40.644Z"}}, {"model": "store.variation", "pk": 554, "fields": {"product": 475, "variation_category": "color", "variation_value": "basic", "is_active": true, "created_date": "2022-12-16T21:55:40.647Z"}}, {"model": "store.variation", "pk": 555, "fields": {"product": 476, "variation_category": "size", "variation_value": "universal", "is_active": true, "created_date": "2022-12-16T21:55:40.655Z"}}, {"model": "store.variation", "pk": 556, "fields": {"product": 476, "variation_category": "color", "variation_value": "basic", "is_active": true, "created_date": "2022-12-16T21:55:40.657Z"}}, {"model": "store.variation", "pk": 557, "fields": {"product": 477, "variation_category": "size", "variation_value": "universal", "is_active": true, "created_date": "2022-12-16T21:55:40.665Z"}}, {"model": "store.variation", "pk": 558, "fields": {"product": 477, "variation_category": "color", "variation_value": "basic", "is_active": true, "created_date": "2022-12-16T21:55:40.668Z"}}, {"model": "store.variation", "pk": 559, "fields": {"product": 478, "variation_category": "size", "variation_value": "universal", "is_active": true, "created_date": "2022-12-16T21:55:40.683Z"}}, {"model": "store.variation", "pk": 560, "fields": {"product": 478, "variation_category": "color", "variation_value": "basic", "is_active": true, "created_date": "2022-12-16T21:55:40.686Z"}}, {"model": "store.variation", "pk": 561, "fields": {"product": 479, "variation_category": "size", "variation_value": "universal", "is_active": true, "created_date": "2022-12-16T21:55:40.694Z"}}, {"model": "store.variation", "pk": 562, "fields": {"product": 479, "variation_category": "color", "variation_value": "basic", "is_active": true, "created_date": "2022-12-16T21:55:40.697Z"}}, {"model": "store.variation", "pk": 563, "fields": {"product": 480, "variation_category": "size", "variation_value": "universal", "is_active": true, "created_date": "2022-12-16T21:55:40.706Z"}}, {"model": "store.variation", "pk": 564, "fields": {"product": 480, "variation_category": "color", "variation_value": "basic", "is_active": true, "created_date": "2022-12-16T21:55:40.708Z"}}, {"model": "store.variation", "pk": 565, "fields": {"product": 481, "variation_category": "size", "variation_value": "universal", "is_active": true, "created_date": "2022-12-16T21:55:40.717Z"}}, {"model": "store.variation", "pk": 566, "fields": {"product": 481, "variation_category": "color", "variation_value": "basic", "is_active": true, "created_date": "2022-12-16T21:55:40.720Z"}}, {"model": "store.variation", "pk": 567, "fields": {"product": 482, "variation_category": "size", "variation_value": "universal", "is_active": true, "created_date": "2022-12-16T21:55:40.729Z"}}, {"model": "store.variation", "pk": 568, "fields": {"product": 482, "variation_category": "color", "variation_value": "basic", "is_active": true, "created_date": "2022-12-16T21:55:40.731Z"}}, {"model": "store.variation", "pk": 569, "fields": {"product": 483, "variation_category": "size", "variation_value": "universal", "is_active": true, "created_date": "2022-12-16T21:55:40.740Z"}}, {"model": "store.variation", "pk": 570, "fields": {"product": 483, "variation_category": "color", "variation_value": "basic", "is_active": true, "created_date": "2022-12-16T21:55:40.742Z"}}, {"model": "store.variation", "pk": 571, "fields": {"product": 484, "variation_category": "size", "variation_value": "universal", "is_active": true, "created_date": "2022-12-16T21:55:40.750Z"}}, {"model": "store.variation", "pk": 572, "fields": {"product": 484, "variation_category": "color", "variation_value": "basic", "is_active": true, "created_date": "2022-12-16T21:55:40.752Z"}}, {"model": "store.variation", "pk": 573, "fields": {"product": 485, "variation_category": "size", "variation_value": "universal", "is_active": true, "created_date": "2022-12-16T21:55:40.761Z"}}, {"model": "store.variation", "pk": 574, "fields": {"product": 485, "variation_category": "color", "variation_value": "basic", "is_active": true, "created_date": "2022-12-16T21:55:40.763Z"}}, {"model": "store.variation", "pk": 575, "fields": {"product": 486, "variation_category": "size", "variation_value": "universal", "is_active": true, "created_date": "2022-12-16T21:55:40.771Z"}}, {"model": "store.variation", "pk": 576, "fields": {"product": 486, "variation_category": "color", "variation_value": "basic", "is_active": true, "created_date": "2022-12-16T21:55:40.774Z"}}, {"model": "store.variation", "pk": 577, "fields": {"product": 487, "variation_category": "size", "variation_value": "universal", "is_active": true, "created_date": "2022-12-16T21:55:40.782Z"}}, {"model": "store.variation", "pk": 578, "fields": {"product": 487, "variation_category": "color", "variation_value": "basic", "is_active": true, "created_date": "2022-12-16T21:55:40.785Z"}}, {"model": "store.variation", "pk": 579, "fields": {"product": 488, "variation_category": "size", "variation_value": "universal", "is_active": true, "created_date": "2022-12-16T21:55:40.794Z"}}, {"model": "store.variation", "pk": 580, "fields": {"product": 488, "variation_category": "color", "variation_value": "basic", "is_active": true, "created_date": "2022-12-16T21:55:40.796Z"}}, {"model": "store.variation", "pk": 581, "fields": {"product": 489, "variation_category": "size", "variation_value": "universal", "is_active": true, "created_date": "2022-12-16T21:55:40.804Z"}}, {"model": "store.variation", "pk": 582, "fields": {"product": 489, "variation_category": "color", "variation_value": "basic", "is_active": true, "created_date": "2022-12-16T21:55:40.807Z"}}, {"model": "store.variation", "pk": 583, "fields": {"product": 490, "variation_category": "size", "variation_value": "universal", "is_active": true, "created_date": "2022-12-16T21:55:40.815Z"}}, {"model": "store.variation", "pk": 584, "fields": {"product": 490, "variation_category": "color", "variation_value": "basic", "is_active": true, "created_date": "2022-12-16T21:55:40.818Z"}}, {"model": "store.variation", "pk": 585, "fields": {"product": 491, "variation_category": "size", "variation_value": "universal", "is_active": true, "created_date": "2022-12-16T21:55:40.825Z"}}, {"model": "store.variation", "pk": 586, "fields": {"product": 491, "variation_category": "color", "variation_value": "basic", "is_active": true, "created_date": "2022-12-16T21:55:40.828Z"}}, {"model": "store.variation", "pk": 587, "fields": {"product": 492, "variation_category": "size", "variation_value": "universal", "is_active": true, "created_date": "2022-12-16T21:55:40.836Z"}}, {"model": "store.variation", "pk": 588, "fields": {"product": 492, "variation_category": "color", "variation_value": "basic", "is_active": true, "created_date": "2022-12-16T21:55:40.839Z"}}, {"model": "store.variation", "pk": 589, "fields": {"product": 493, "variation_category": "size", "variation_value": "universal", "is_active": true, "created_date": "2022-12-16T21:55:40.847Z"}}, {"model": "store.variation", "pk": 590, "fields": {"product": 493, "variation_category": "color", "variation_value": "basic", "is_active": true, "created_date": "2022-12-16T21:55:40.849Z"}}, {"model": "store.variation", "pk": 591, "fields": {"product": 494, "variation_category": "size", "variation_value": "universal", "is_active": true, "created_date": "2022-12-16T21:55:40.858Z"}}, {"model": "store.variation", "pk": 592, "fields": {"product": 494, "variation_category": "color", "variation_value": "basic", "is_active": true, "created_date": "2022-12-16T21:55:40.861Z"}}, {"model": "store.variation", "pk": 593, "fields": {"product": 495, "variation_category": "size", "variation_value": "26", "is_active": true, "created_date": "2022-12-16T21:55:40.869Z"}}, {"model": "store.variation", "pk": 594, "fields": {"product": 495, "variation_category": "size", "variation_value": "28", "is_active": true, "created_date": "2022-12-16T21:55:40.871Z"}}, {"model": "store.variation", "pk": 595, "fields": {"product": 495, "variation_category": "size", "variation_value": "30", "is_active": true, "created_date": "2022-12-16T21:55:40.873Z"}}, {"model": "store.variation", "pk": 596, "fields": {"product": 495, "variation_category": "size", "variation_value": "32", "is_active": true, "created_date": "2022-12-16T21:55:40.876Z"}}, {"model": "store.variation", "pk": 597, "fields": {"product": 495, "variation_category": "size", "variation_value": "34", "is_active": true, "created_date": "2022-12-16T21:55:40.878Z"}}, {"model": "store.variation", "pk": 598, "fields": {"product": 495, "variation_category": "size", "variation_value": "36", "is_active": true, "created_date": "2022-12-16T21:55:40.880Z"}}, {"model": "store.variation", "pk": 599, "fields": {"product": 495, "variation_category": "size", "variation_value": "38", "is_active": true, "created_date": "2022-12-16T21:55:40.882Z"}}, {"model": "store.variation", "pk": 600, "fields": {"product": 495, "variation_category": "size", "variation_value": "40", "is_active": true, "created_date": "2022-12-16T21:55:40.884Z"}}, {"model": "store.variation", "pk": 601, "fields": {"product": 495, "variation_category": "color", "variation_value": "grey", "is_active": true, "created_date": "2022-12-16T21:55:40.888Z"}}, {"model": "store.variation", "pk": 602, "fields": {"product": 497, "variation_category": "size", "variation_value": "universal", "is_active": true, "created_date": "2022-12-16T21:55:40.902Z"}}, {"model": "store.variation", "pk": 603, "fields": {"product": 497, "variation_category": "color", "variation_value": "basic", "is_active": true, "created_date": "2022-12-16T21:55:40.905Z"}}, {"model": "store.variation", "pk": 604, "fields": {"product": 498, "variation_category": "size", "variation_value": " S ", "is_active": true, "created_date": "2022-12-16T21:55:40.914Z"}}, {"model": "store.variation", "pk": 605, "fields": {"product": 498, "variation_category": "size", "variation_value": " M ", "is_active": true, "created_date": "2022-12-16T21:55:40.916Z"}}, {"model": "store.variation", "pk": 606, "fields": {"product": 498, "variation_category": "size", "variation_value": "L", "is_active": true, "created_date": "2022-12-16T21:55:40.918Z"}}, {"model": "store.variation", "pk": 607, "fields": {"product": 498, "variation_category": "size", "variation_value": "XL", "is_active": true, "created_date": "2022-12-16T21:55:40.921Z"}}, {"model": "store.variation", "pk": 608, "fields": {"product": 498, "variation_category": "size", "variation_value": "XXL", "is_active": true, "created_date": "2022-12-16T21:55:40.924Z"}}, {"model": "store.variation", "pk": 609, "fields": {"product": 498, "variation_category": "size", "variation_value": "3XL", "is_active": true, "created_date": "2022-12-16T21:55:40.926Z"}}, {"model": "store.variation", "pk": 610, "fields": {"product": 498, "variation_category": "color", "variation_value": "blue", "is_active": true, "created_date": "2022-12-16T21:55:40.929Z"}}, {"model": "store.variation", "pk": 611, "fields": {"product": 500, "variation_category": "size", "variation_value": "M", "is_active": true, "created_date": "2022-12-16T21:55:40.942Z"}}, {"model": "store.variation", "pk": 612, "fields": {"product": 500, "variation_category": "size", "variation_value": "L", "is_active": true, "created_date": "2022-12-16T21:55:40.944Z"}}, {"model": "store.variation", "pk": 613, "fields": {"product": 500, "variation_category": "size", "variation_value": "XL", "is_active": true, "created_date": "2022-12-16T21:55:40.946Z"}}, {"model": "store.variation", "pk": 614, "fields": {"product": 500, "variation_category": "color", "variation_value": "pink", "is_active": true, "created_date": "2022-12-16T21:55:40.949Z"}}, {"model": "store.variation", "pk": 615, "fields": {"product": 501, "variation_category": "size", "variation_value": " XS ", "is_active": true, "created_date": "2022-12-16T21:55:40.958Z"}}, {"model": "store.variation", "pk": 616, "fields": {"product": 501, "variation_category": "size", "variation_value": " S ", "is_active": true, "created_date": "2022-12-16T21:55:40.960Z"}}, {"model": "store.variation", "pk": 617, "fields": {"product": 501, "variation_category": "size", "variation_value": " M ", "is_active": true, "created_date": "2022-12-16T21:55:40.963Z"}}, {"model": "store.variation", "pk": 618, "fields": {"product": 501, "variation_category": "size", "variation_value": " L ", "is_active": true, "created_date": "2022-12-16T21:55:40.965Z"}}, {"model": "store.variation", "pk": 619, "fields": {"product": 501, "variation_category": "size", "variation_value": " XL ", "is_active": true, "created_date": "2022-12-16T21:55:40.968Z"}}, {"model": "store.variation", "pk": 620, "fields": {"product": 501, "variation_category": "size", "variation_value": "XXL", "is_active": true, "created_date": "2022-12-16T21:55:40.971Z"}}, {"model": "store.variation", "pk": 621, "fields": {"product": 501, "variation_category": "color", "variation_value": "magnta-fusha", "is_active": true, "created_date": "2022-12-16T21:55:40.975Z"}}, {"model": "store.variation", "pk": 622, "fields": {"product": 502, "variation_category": "size", "variation_value": "XS", "is_active": true, "created_date": "2022-12-16T21:55:40.987Z"}}, {"model": "store.variation", "pk": 623, "fields": {"product": 502, "variation_category": "size", "variation_value": "S", "is_active": true, "created_date": "2022-12-16T21:55:40.989Z"}}, {"model": "store.variation", "pk": 624, "fields": {"product": 502, "variation_category": "size", "variation_value": "M", "is_active": true, "created_date": "2022-12-16T21:55:40.992Z"}}, {"model": "store.variation", "pk": 625, "fields": {"product": 502, "variation_category": "size", "variation_value": "L", "is_active": true, "created_date": "2022-12-16T21:55:40.995Z"}}, {"model": "store.variation", "pk": 626, "fields": {"product": 502, "variation_category": "size", "variation_value": "XL", "is_active": true, "created_date": "2022-12-16T21:55:40.997Z"}}, {"model": "store.variation", "pk": 627, "fields": {"product": 502, "variation_category": "color", "variation_value": "lt-peach", "is_active": true, "created_date": "2022-12-16T21:55:41.000Z"}}, {"model": "store.variation", "pk": 628, "fields": {"product": 502, "variation_category": "color", "variation_value": "mint", "is_active": true, "created_date": "2022-12-16T21:55:41.002Z"}}, {"model": "store.variation", "pk": 629, "fields": {"product": 503, "variation_category": "size", "variation_value": "universal", "is_active": true, "created_date": "2022-12-16T21:55:41.011Z"}}, {"model": "store.variation", "pk": 630, "fields": {"product": 503, "variation_category": "color", "variation_value": "basic", "is_active": true, "created_date": "2022-12-16T21:55:41.015Z"}}, {"model": "store.variation", "pk": 631, "fields": {"product": 504, "variation_category": "size", "variation_value": "universal", "is_active": true, "created_date": "2022-12-16T21:55:41.026Z"}}, {"model": "store.variation", "pk": 632, "fields": {"product": 504, "variation_category": "color", "variation_value": "basic", "is_active": true, "created_date": "2022-12-16T21:55:41.029Z"}}, {"model": "store.variation", "pk": 633, "fields": {"product": 505, "variation_category": "size", "variation_value": "universal", "is_active": true, "created_date": "2022-12-16T21:55:41.039Z"}}, {"model": "store.variation", "pk": 634, "fields": {"product": 505, "variation_category": "color", "variation_value": "basic", "is_active": true, "created_date": "2022-12-16T21:55:41.043Z"}}, {"model": "store.variation", "pk": 635, "fields": {"product": 506, "variation_category": "size", "variation_value": "FS", "is_active": true, "created_date": "2022-12-16T21:55:41.053Z"}}, {"model": "store.variation", "pk": 636, "fields": {"product": 506, "variation_category": "color", "variation_value": "grey", "is_active": true, "created_date": "2022-12-16T21:55:41.057Z"}}, {"model": "store.variation", "pk": 637, "fields": {"product": 508, "variation_category": "size", "variation_value": "universal", "is_active": true, "created_date": "2022-12-16T21:55:41.072Z"}}, {"model": "store.variation", "pk": 638, "fields": {"product": 508, "variation_category": "color", "variation_value": "basic", "is_active": true, "created_date": "2022-12-16T21:55:41.075Z"}}, {"model": "store.variation", "pk": 639, "fields": {"product": 509, "variation_category": "size", "variation_value": "universal", "is_active": true, "created_date": "2022-12-16T21:55:41.085Z"}}, {"model": "store.variation", "pk": 640, "fields": {"product": 509, "variation_category": "color", "variation_value": "basic", "is_active": true, "created_date": "2022-12-16T21:55:41.089Z"}}, {"model": "store.variation", "pk": 641, "fields": {"product": 510, "variation_category": "size", "variation_value": "universal", "is_active": true, "created_date": "2022-12-16T21:55:41.098Z"}}, {"model": "store.variation", "pk": 642, "fields": {"product": 510, "variation_category": "color", "variation_value": "basic", "is_active": true, "created_date": "2022-12-16T21:55:41.100Z"}}, {"model": "store.variation", "pk": 643, "fields": {"product": 512, "variation_category": "size", "variation_value": "universal", "is_active": true, "created_date": "2022-12-16T21:55:41.116Z"}}, {"model": "store.variation", "pk": 644, "fields": {"product": 512, "variation_category": "color", "variation_value": "basic", "is_active": true, "created_date": "2022-12-16T21:55:41.119Z"}}, {"model": "store.variation", "pk": 645, "fields": {"product": 514, "variation_category": "size", "variation_value": "universal", "is_active": true, "created_date": "2022-12-16T21:55:41.134Z"}}, {"model": "store.variation", "pk": 646, "fields": {"product": 514, "variation_category": "color", "variation_value": "basic", "is_active": true, "created_date": "2022-12-16T21:55:41.137Z"}}, {"model": "store.variation", "pk": 647, "fields": {"product": 515, "variation_category": "size", "variation_value": "universal", "is_active": true, "created_date": "2022-12-16T21:55:41.147Z"}}, {"model": "store.variation", "pk": 648, "fields": {"product": 515, "variation_category": "color", "variation_value": "basic", "is_active": true, "created_date": "2022-12-16T21:55:41.149Z"}}, {"model": "store.variation", "pk": 649, "fields": {"product": 517, "variation_category": "size", "variation_value": "26", "is_active": true, "created_date": "2022-12-16T21:55:41.165Z"}}, {"model": "store.variation", "pk": 650, "fields": {"product": 517, "variation_category": "size", "variation_value": "28", "is_active": true, "created_date": "2022-12-16T21:55:41.167Z"}}, {"model": "store.variation", "pk": 651, "fields": {"product": 517, "variation_category": "color", "variation_value": "green", "is_active": true, "created_date": "2022-12-16T21:55:41.172Z"}}, {"model": "store.variation", "pk": 652, "fields": {"product": 518, "variation_category": "size", "variation_value": "28", "is_active": true, "created_date": "2022-12-16T21:55:41.181Z"}}, {"model": "store.variation", "pk": 653, "fields": {"product": 518, "variation_category": "size", "variation_value": "30", "is_active": true, "created_date": "2022-12-16T21:55:41.183Z"}}, {"model": "store.variation", "pk": 654, "fields": {"product": 518, "variation_category": "size", "variation_value": "32", "is_active": true, "created_date": "2022-12-16T21:55:41.186Z"}}, {"model": "store.variation", "pk": 655, "fields": {"product": 518, "variation_category": "size", "variation_value": "33", "is_active": true, "created_date": "2022-12-16T21:55:41.189Z"}}, {"model": "store.variation", "pk": 656, "fields": {"product": 518, "variation_category": "size", "variation_value": "34", "is_active": true, "created_date": "2022-12-16T21:55:41.191Z"}}, {"model": "store.variation", "pk": 657, "fields": {"product": 518, "variation_category": "size", "variation_value": "36", "is_active": true, "created_date": "2022-12-16T21:55:41.193Z"}}, {"model": "store.variation", "pk": 658, "fields": {"product": 518, "variation_category": "size", "variation_value": "38", "is_active": true, "created_date": "2022-12-16T21:55:41.195Z"}}, {"model": "store.variation", "pk": 659, "fields": {"product": 518, "variation_category": "size", "variation_value": "40", "is_active": true, "created_date": "2022-12-16T21:55:41.197Z"}}, {"model": "store.variation", "pk": 660, "fields": {"product": 518, "variation_category": "size", "variation_value": "42", "is_active": true, "created_date": "2022-12-16T21:55:41.200Z"}}, {"model": "store.variation", "pk": 661, "fields": {"product": 518, "variation_category": "color", "variation_value": "basic", "is_active": true, "created_date": "2022-12-16T21:55:41.203Z"}}, {"model": "store.variation", "pk": 662, "fields": {"product": 519, "variation_category": "size", "variation_value": "universal", "is_active": true, "created_date": "2022-12-16T21:55:41.213Z"}}, {"model": "store.variation", "pk": 663, "fields": {"product": 519, "variation_category": "color", "variation_value": "basic", "is_active": true, "created_date": "2022-12-16T21:55:41.215Z"}}, {"model": "store.variation", "pk": 664, "fields": {"product": 520, "variation_category": "size", "variation_value": "universal", "is_active": true, "created_date": "2022-12-16T21:55:41.225Z"}}, {"model": "store.variation", "pk": 665, "fields": {"product": 520, "variation_category": "color", "variation_value": "basic", "is_active": true, "created_date": "2022-12-16T21:55:41.227Z"}}, {"model": "store.variation", "pk": 666, "fields": {"product": 522, "variation_category": "size", "variation_value": "FS", "is_active": true, "created_date": "2022-12-16T21:55:41.242Z"}}, {"model": "store.variation", "pk": 667, "fields": {"product": 522, "variation_category": "color", "variation_value": "peach", "is_active": true, "created_date": "2022-12-16T21:55:41.245Z"}}, {"model": "store.variation", "pk": 668, "fields": {"product": 523, "variation_category": "size", "variation_value": "universal", "is_active": true, "created_date": "2022-12-16T21:55:41.254Z"}}, {"model": "store.variation", "pk": 669, "fields": {"product": 523, "variation_category": "color", "variation_value": "rust", "is_active": true, "created_date": "2022-12-16T21:55:41.258Z"}}, {"model": "store.variation", "pk": 670, "fields": {"product": 523, "variation_category": "color", "variation_value": "black-charcoal", "is_active": true, "created_date": "2022-12-16T21:55:41.260Z"}}, {"model": "store.variation", "pk": 671, "fields": {"product": 523, "variation_category": "color", "variation_value": "khaki", "is_active": true, "created_date": "2022-12-16T21:55:41.262Z"}}, {"model": "store.variation", "pk": 672, "fields": {"product": 523, "variation_category": "color", "variation_value": "teal", "is_active": true, "created_date": "2022-12-16T21:55:41.264Z"}}, {"model": "store.variation", "pk": 673, "fields": {"product": 524, "variation_category": "size", "variation_value": "universal", "is_active": true, "created_date": "2022-12-16T21:55:41.275Z"}}, {"model": "store.variation", "pk": 674, "fields": {"product": 524, "variation_category": "color", "variation_value": "basic", "is_active": true, "created_date": "2022-12-16T21:55:41.278Z"}}, {"model": "store.variation", "pk": 675, "fields": {"product": 525, "variation_category": "size", "variation_value": "universal", "is_active": true, "created_date": "2022-12-16T21:55:41.287Z"}}, {"model": "store.variation", "pk": 676, "fields": {"product": 525, "variation_category": "color", "variation_value": "coral", "is_active": true, "created_date": "2022-12-16T21:55:41.291Z"}}, {"model": "store.variation", "pk": 677, "fields": {"product": 526, "variation_category": "size", "variation_value": "universal", "is_active": true, "created_date": "2022-12-16T21:55:41.300Z"}}, {"model": "store.variation", "pk": 678, "fields": {"product": 526, "variation_category": "color", "variation_value": "navy-blue", "is_active": true, "created_date": "2022-12-16T21:55:41.305Z"}}, {"model": "store.variation", "pk": 679, "fields": {"product": 527, "variation_category": "size", "variation_value": "universal", "is_active": true, "created_date": "2022-12-16T21:55:41.317Z"}}, {"model": "store.variation", "pk": 680, "fields": {"product": 527, "variation_category": "color", "variation_value": "basic", "is_active": true, "created_date": "2022-12-16T21:55:41.319Z"}}, {"model": "store.variation", "pk": 681, "fields": {"product": 528, "variation_category": "size", "variation_value": "XS", "is_active": true, "created_date": "2022-12-16T21:55:41.328Z"}}, {"model": "store.variation", "pk": 682, "fields": {"product": 528, "variation_category": "size", "variation_value": "S", "is_active": true, "created_date": "2022-12-16T21:55:41.334Z"}}, {"model": "store.variation", "pk": 683, "fields": {"product": 528, "variation_category": "size", "variation_value": "M", "is_active": true, "created_date": "2022-12-16T21:55:41.336Z"}}, {"model": "store.variation", "pk": 684, "fields": {"product": 528, "variation_category": "size", "variation_value": "L", "is_active": true, "created_date": "2022-12-16T21:55:41.339Z"}}, {"model": "store.variation", "pk": 685, "fields": {"product": 528, "variation_category": "size", "variation_value": "XL", "is_active": true, "created_date": "2022-12-16T21:55:41.341Z"}}, {"model": "store.variation", "pk": 686, "fields": {"product": 528, "variation_category": "color", "variation_value": "red", "is_active": true, "created_date": "2022-12-16T21:55:41.344Z"}}, {"model": "store.variation", "pk": 687, "fields": {"product": 528, "variation_category": "color", "variation_value": "multi", "is_active": true, "created_date": "2022-12-16T21:55:41.346Z"}}, {"model": "store.variation", "pk": 688, "fields": {"product": 528, "variation_category": "color", "variation_value": "skin", "is_active": true, "created_date": "2022-12-16T21:55:41.349Z"}}, {"model": "store.variation", "pk": 689, "fields": {"product": 528, "variation_category": "color", "variation_value": "dusky-green", "is_active": true, "created_date": "2022-12-16T21:55:41.352Z"}}, {"model": "store.variation", "pk": 690, "fields": {"product": 529, "variation_category": "size", "variation_value": "universal", "is_active": true, "created_date": "2022-12-16T21:55:41.363Z"}}, {"model": "store.variation", "pk": 691, "fields": {"product": 529, "variation_category": "color", "variation_value": "basic", "is_active": true, "created_date": "2022-12-16T21:55:41.365Z"}}, {"model": "store.variation", "pk": 692, "fields": {"product": 531, "variation_category": "size", "variation_value": "universal", "is_active": true, "created_date": "2022-12-16T21:55:41.378Z"}}, {"model": "store.variation", "pk": 693, "fields": {"product": 531, "variation_category": "color", "variation_value": "basic", "is_active": true, "created_date": "2022-12-16T21:55:41.381Z"}}, {"model": "store.variation", "pk": 694, "fields": {"product": 532, "variation_category": "size", "variation_value": " XS ", "is_active": true, "created_date": "2022-12-16T21:55:41.391Z"}}, {"model": "store.variation", "pk": 695, "fields": {"product": 532, "variation_category": "size", "variation_value": " S ", "is_active": true, "created_date": "2022-12-16T21:55:41.393Z"}}, {"model": "store.variation", "pk": 696, "fields": {"product": 532, "variation_category": "size", "variation_value": " M ", "is_active": true, "created_date": "2022-12-16T21:55:41.398Z"}}, {"model": "store.variation", "pk": 697, "fields": {"product": 532, "variation_category": "size", "variation_value": " L ", "is_active": true, "created_date": "2022-12-16T21:55:41.400Z"}}, {"model": "store.variation", "pk": 698, "fields": {"product": 532, "variation_category": "size", "variation_value": "XL", "is_active": true, "created_date": "2022-12-16T21:55:41.403Z"}}, {"model": "store.variation", "pk": 699, "fields": {"product": 532, "variation_category": "size", "variation_value": "XXL", "is_active": true, "created_date": "2022-12-16T21:55:41.405Z"}}, {"model": "store.variation", "pk": 700, "fields": {"product": 532, "variation_category": "color", "variation_value": "maroon", "is_active": true, "created_date": "2022-12-16T21:55:41.409Z"}}, {"model": "store.variation", "pk": 701, "fields": {"product": 532, "variation_category": "color", "variation_value": "navy", "is_active": true, "created_date": "2022-12-16T21:55:41.411Z"}}, {"model": "store.variation", "pk": 702, "fields": {"product": 532, "variation_category": "color", "variation_value": "pink", "is_active": true, "created_date": "2022-12-16T21:55:41.414Z"}}, {"model": "store.variation", "pk": 703, "fields": {"product": 532, "variation_category": "color", "variation_value": "grey", "is_active": true, "created_date": "2022-12-16T21:55:41.417Z"}}, {"model": "store.variation", "pk": 704, "fields": {"product": 533, "variation_category": "size", "variation_value": "universal", "is_active": true, "created_date": "2022-12-16T21:55:41.428Z"}}, {"model": "store.variation", "pk": 705, "fields": {"product": 533, "variation_category": "color", "variation_value": "basic", "is_active": true, "created_date": "2022-12-16T21:55:41.431Z"}}, {"model": "store.variation", "pk": 706, "fields": {"product": 534, "variation_category": "size", "variation_value": "universal", "is_active": true, "created_date": "2022-12-16T21:55:41.441Z"}}, {"model": "store.variation", "pk": 707, "fields": {"product": 534, "variation_category": "color", "variation_value": "navy", "is_active": true, "created_date": "2022-12-16T21:55:41.443Z"}}, {"model": "store.variation", "pk": 708, "fields": {"product": 534, "variation_category": "color", "variation_value": "olive", "is_active": true, "created_date": "2022-12-16T21:55:41.445Z"}}, {"model": "store.variation", "pk": 709, "fields": {"product": 534, "variation_category": "color", "variation_value": "grey-melange", "is_active": true, "created_date": "2022-12-16T21:55:41.448Z"}}, {"model": "store.variation", "pk": 710, "fields": {"product": 534, "variation_category": "color", "variation_value": "black", "is_active": true, "created_date": "2022-12-16T21:55:41.450Z"}}, {"model": "store.variation", "pk": 711, "fields": {"product": 535, "variation_category": "size", "variation_value": "universal", "is_active": true, "created_date": "2022-12-16T21:55:41.459Z"}}, {"model": "store.variation", "pk": 712, "fields": {"product": 535, "variation_category": "color", "variation_value": "basic", "is_active": true, "created_date": "2022-12-16T21:55:41.461Z"}}, {"model": "store.variation", "pk": 713, "fields": {"product": 536, "variation_category": "size", "variation_value": "FS", "is_active": true, "created_date": "2022-12-16T21:55:41.470Z"}}, {"model": "store.variation", "pk": 714, "fields": {"product": 536, "variation_category": "color", "variation_value": "pink", "is_active": true, "created_date": "2022-12-16T21:55:41.473Z"}}, {"model": "store.variation", "pk": 715, "fields": {"product": 536, "variation_category": "color", "variation_value": "maroon", "is_active": true, "created_date": "2022-12-16T21:55:41.475Z"}}, {"model": "store.variation", "pk": 716, "fields": {"product": 536, "variation_category": "color", "variation_value": "brown", "is_active": true, "created_date": "2022-12-16T21:55:41.477Z"}}, {"model": "store.variation", "pk": 717, "fields": {"product": 536, "variation_category": "color", "variation_value": "blue", "is_active": true, "created_date": "2022-12-16T21:55:41.479Z"}}, {"model": "store.variation", "pk": 718, "fields": {"product": 536, "variation_category": "color", "variation_value": "wine", "is_active": true, "created_date": "2022-12-16T21:55:41.481Z"}}, {"model": "store.variation", "pk": 719, "fields": {"product": 536, "variation_category": "color", "variation_value": "yellow", "is_active": true, "created_date": "2022-12-16T21:55:41.484Z"}}, {"model": "store.variation", "pk": 720, "fields": {"product": 536, "variation_category": "color", "variation_value": "peach", "is_active": true, "created_date": "2022-12-16T21:55:41.486Z"}}, {"model": "store.variation", "pk": 721, "fields": {"product": 536, "variation_category": "color", "variation_value": "navy", "is_active": true, "created_date": "2022-12-16T21:55:41.488Z"}}, {"model": "store.variation", "pk": 722, "fields": {"product": 536, "variation_category": "color", "variation_value": "grey", "is_active": true, "created_date": "2022-12-16T21:55:41.490Z"}}, {"model": "store.variation", "pk": 723, "fields": {"product": 536, "variation_category": "color", "variation_value": "olive", "is_active": true, "created_date": "2022-12-16T21:55:41.493Z"}}, {"model": "store.variation", "pk": 724, "fields": {"product": 536, "variation_category": "color", "variation_value": "orange", "is_active": true, "created_date": "2022-12-16T21:55:41.495Z"}}, {"model": "store.variation", "pk": 725, "fields": {"product": 537, "variation_category": "size", "variation_value": "universal", "is_active": true, "created_date": "2022-12-16T21:55:41.504Z"}}, {"model": "store.variation", "pk": 726, "fields": {"product": 537, "variation_category": "color", "variation_value": "basic", "is_active": true, "created_date": "2022-12-16T21:55:41.506Z"}}, {"model": "store.variation", "pk": 727, "fields": {"product": 538, "variation_category": "size", "variation_value": "26", "is_active": true, "created_date": "2022-12-16T21:55:41.514Z"}}, {"model": "store.variation", "pk": 728, "fields": {"product": 538, "variation_category": "size", "variation_value": " 28 ", "is_active": true, "created_date": "2022-12-16T21:55:41.516Z"}}, {"model": "store.variation", "pk": 729, "fields": {"product": 538, "variation_category": "size", "variation_value": "30", "is_active": true, "created_date": "2022-12-16T21:55:41.519Z"}}, {"model": "store.variation", "pk": 730, "fields": {"product": 538, "variation_category": "size", "variation_value": " 32 ", "is_active": true, "created_date": "2022-12-16T21:55:41.521Z"}}, {"model": "store.variation", "pk": 731, "fields": {"product": 538, "variation_category": "size", "variation_value": " 34 ", "is_active": true, "created_date": "2022-12-16T21:55:41.523Z"}}, {"model": "store.variation", "pk": 732, "fields": {"product": 538, "variation_category": "size", "variation_value": "36", "is_active": true, "created_date": "2022-12-16T21:55:41.525Z"}}, {"model": "store.variation", "pk": 733, "fields": {"product": 538, "variation_category": "size", "variation_value": "38", "is_active": true, "created_date": "2022-12-16T21:55:41.528Z"}}, {"model": "store.variation", "pk": 734, "fields": {"product": 538, "variation_category": "size", "variation_value": "40", "is_active": true, "created_date": "2022-12-16T21:55:41.530Z"}}, {"model": "store.variation", "pk": 735, "fields": {"product": 538, "variation_category": "color", "variation_value": "black", "is_active": true, "created_date": "2022-12-16T21:55:41.533Z"}}, {"model": "store.variation", "pk": 736, "fields": {"product": 539, "variation_category": "size", "variation_value": "universal", "is_active": true, "created_date": "2022-12-16T21:55:41.541Z"}}, {"model": "store.variation", "pk": 737, "fields": {"product": 539, "variation_category": "color", "variation_value": "basic", "is_active": true, "created_date": "2022-12-16T21:55:41.543Z"}}, {"model": "store.variation", "pk": 738, "fields": {"product": 540, "variation_category": "size", "variation_value": "universal", "is_active": true, "created_date": "2022-12-16T21:55:41.552Z"}}, {"model": "store.variation", "pk": 739, "fields": {"product": 540, "variation_category": "color", "variation_value": "basic", "is_active": true, "created_date": "2022-12-16T21:55:41.555Z"}}, {"model": "store.variation", "pk": 740, "fields": {"product": 541, "variation_category": "size", "variation_value": "universal", "is_active": true, "created_date": "2022-12-16T21:55:41.563Z"}}, {"model": "store.variation", "pk": 741, "fields": {"product": 541, "variation_category": "color", "variation_value": "tan", "is_active": true, "created_date": "2022-12-16T21:55:41.565Z"}}, {"model": "store.variation", "pk": 742, "fields": {"product": 542, "variation_category": "size", "variation_value": "universal", "is_active": true, "created_date": "2022-12-16T21:55:41.573Z"}}, {"model": "store.variation", "pk": 743, "fields": {"product": 542, "variation_category": "color", "variation_value": "basic", "is_active": true, "created_date": "2022-12-16T21:55:41.576Z"}}, {"model": "store.variation", "pk": 744, "fields": {"product": 543, "variation_category": "size", "variation_value": "universal", "is_active": true, "created_date": "2022-12-16T21:55:41.584Z"}}, {"model": "store.variation", "pk": 745, "fields": {"product": 543, "variation_category": "color", "variation_value": "basic", "is_active": true, "created_date": "2022-12-16T21:55:41.587Z"}}, {"model": "store.variation", "pk": 746, "fields": {"product": 545, "variation_category": "size", "variation_value": "XS", "is_active": true, "created_date": "2022-12-16T21:55:41.600Z"}}, {"model": "store.variation", "pk": 747, "fields": {"product": 545, "variation_category": "size", "variation_value": " S ", "is_active": true, "created_date": "2022-12-16T21:55:41.602Z"}}, {"model": "store.variation", "pk": 748, "fields": {"product": 545, "variation_category": "size", "variation_value": "M", "is_active": true, "created_date": "2022-12-16T21:55:41.604Z"}}, {"model": "store.variation", "pk": 749, "fields": {"product": 545, "variation_category": "size", "variation_value": "L", "is_active": true, "created_date": "2022-12-16T21:55:41.607Z"}}, {"model": "store.variation", "pk": 750, "fields": {"product": 545, "variation_category": "size", "variation_value": "XL", "is_active": true, "created_date": "2022-12-16T21:55:41.609Z"}}, {"model": "store.variation", "pk": 751, "fields": {"product": 545, "variation_category": "size", "variation_value": "XXL", "is_active": true, "created_date": "2022-12-16T21:55:41.611Z"}}, {"model": "store.variation", "pk": 752, "fields": {"product": 545, "variation_category": "color", "variation_value": "rust", "is_active": true, "created_date": "2022-12-16T21:55:41.614Z"}}, {"model": "store.variation", "pk": 753, "fields": {"product": 545, "variation_category": "color", "variation_value": "mustard", "is_active": true, "created_date": "2022-12-16T21:55:41.616Z"}}, {"model": "store.variation", "pk": 754, "fields": {"product": 545, "variation_category": "color", "variation_value": "olive", "is_active": true, "created_date": "2022-12-16T21:55:41.618Z"}}, {"model": "store.variation", "pk": 755, "fields": {"product": 546, "variation_category": "size", "variation_value": " XS ", "is_active": true, "created_date": "2022-12-16T21:55:41.625Z"}}, {"model": "store.variation", "pk": 756, "fields": {"product": 546, "variation_category": "size", "variation_value": " S ", "is_active": true, "created_date": "2022-12-16T21:55:41.627Z"}}, {"model": "store.variation", "pk": 757, "fields": {"product": 546, "variation_category": "size", "variation_value": " M ", "is_active": true, "created_date": "2022-12-16T21:55:41.630Z"}}, {"model": "store.variation", "pk": 758, "fields": {"product": 546, "variation_category": "size", "variation_value": " L ", "is_active": true, "created_date": "2022-12-16T21:55:41.632Z"}}, {"model": "store.variation", "pk": 759, "fields": {"product": 546, "variation_category": "size", "variation_value": " XL ", "is_active": true, "created_date": "2022-12-16T21:55:41.634Z"}}, {"model": "store.variation", "pk": 760, "fields": {"product": 546, "variation_category": "size", "variation_value": "XXL", "is_active": true, "created_date": "2022-12-16T21:55:41.637Z"}}, {"model": "store.variation", "pk": 761, "fields": {"product": 546, "variation_category": "color", "variation_value": "blue", "is_active": true, "created_date": "2022-12-16T21:55:41.640Z"}}, {"model": "store.variation", "pk": 762, "fields": {"product": 546, "variation_category": "color", "variation_value": "red", "is_active": true, "created_date": "2022-12-16T21:55:41.642Z"}}, {"model": "store.variation", "pk": 763, "fields": {"product": 547, "variation_category": "size", "variation_value": "universal", "is_active": true, "created_date": "2022-12-16T21:55:41.650Z"}}, {"model": "store.variation", "pk": 764, "fields": {"product": 547, "variation_category": "color", "variation_value": "basic", "is_active": true, "created_date": "2022-12-16T21:55:41.652Z"}}, {"model": "store.variation", "pk": 765, "fields": {"product": 548, "variation_category": "size", "variation_value": "universal", "is_active": true, "created_date": "2022-12-16T21:55:41.660Z"}}, {"model": "store.variation", "pk": 766, "fields": {"product": 548, "variation_category": "color", "variation_value": "basic", "is_active": true, "created_date": "2022-12-16T21:55:41.663Z"}}, {"model": "store.variation", "pk": 767, "fields": {"product": 549, "variation_category": "size", "variation_value": "universal", "is_active": true, "created_date": "2022-12-16T21:55:41.672Z"}}, {"model": "store.variation", "pk": 768, "fields": {"product": 549, "variation_category": "color", "variation_value": "basic", "is_active": true, "created_date": "2022-12-16T21:55:41.675Z"}}, {"model": "store.variation", "pk": 769, "fields": {"product": 550, "variation_category": "size", "variation_value": "S", "is_active": true, "created_date": "2022-12-16T21:55:41.683Z"}}, {"model": "store.variation", "pk": 770, "fields": {"product": 550, "variation_category": "size", "variation_value": "M", "is_active": true, "created_date": "2022-12-16T21:55:41.685Z"}}, {"model": "store.variation", "pk": 771, "fields": {"product": 550, "variation_category": "size", "variation_value": "L", "is_active": true, "created_date": "2022-12-16T21:55:41.687Z"}}, {"model": "store.variation", "pk": 772, "fields": {"product": 550, "variation_category": "size", "variation_value": "XL", "is_active": true, "created_date": "2022-12-16T21:55:41.689Z"}}, {"model": "store.variation", "pk": 773, "fields": {"product": 550, "variation_category": "size", "variation_value": "XXL", "is_active": true, "created_date": "2022-12-16T21:55:41.692Z"}}, {"model": "store.variation", "pk": 774, "fields": {"product": 550, "variation_category": "color", "variation_value": "maroon", "is_active": true, "created_date": "2022-12-16T21:55:41.695Z"}}, {"model": "carts.cart", "pk": 1, "fields": {"cart_id": "9t6al7kw1ytsuvssbqujj7zam6izcs38", "date_added": "2022-11-23"}}, {"model": "carts.cart", "pk": 2, "fields": {"cart_id": "59z4v10nxjjtv7f0n99e4ekkvejuj7xz", "date_added": "2022-12-03"}}, {"model": "carts.cart", "pk": 3, "fields": {"cart_id": "xmitvagj1a5idevhlad9svk3511ri1y4", "date_added": "2022-12-03"}}, {"model": "carts.cart", "pk": 4, "fields": {"cart_id": "v5zymr955q91kodj21quus3k5hux5irg", "date_added": "2022-12-03"}}, {"model": "carts.cart", "pk": 5, "fields": {"cart_id": "ewap527g89yod2vse34tzlrnjcycdcvv", "date_added": "2022-12-03"}}, {"model": "carts.cart", "pk": 6, "fields": {"cart_id": "frfmum8qwn7ngsf65an23e8dos9dkkl5", "date_added": "2022-12-03"}}, {"model": "carts.cart", "pk": 7, "fields": {"cart_id": "2i3c17tni1u1q1b3ch8ggzxl7apuy5ui", "date_added": "2022-12-03"}}, {"model": "carts.cart", "pk": 8, "fields": {"cart_id": "n795c2d883op9vlg3212lw1bk9z5oel0", "date_added": "2022-12-03"}}, {"model": "carts.cart", "pk": 9, "fields": {"cart_id": "uuwqvgm991m3of9zxzhsccva4mz3iqte", "date_added": "2022-12-03"}}, {"model": "carts.cart", "pk": 10, "fields": {"cart_id": "l4jauv4vd3hqeu3x16tpb5loffn2s8os", "date_added": "2022-12-03"}}, {"model": "carts.cart", "pk": 11, "fields": {"cart_id": "uhpj7pcmazgiacivc36vlendt78hzr2h", "date_added": "2022-12-04"}}, {"model": "carts.cart", "pk": 12, "fields": {"cart_id": "sfjcwms3snldeicd77s2vcra7rz8u2og", "date_added": "2022-12-04"}}, {"model": "carts.cart", "pk": 13, "fields": {"cart_id": "tjumnwd1yxdl8s4vit4w0qd4s27p9xxs", "date_added": "2022-12-04"}}, {"model": "carts.cart", "pk": 14, "fields": {"cart_id": "eosr6l4gg9hcoru56x2f6ex2imjwhzsu", "date_added": "2022-12-04"}}, {"model": "carts.cart", "pk": 15, "fields": {"cart_id": "qz5y8i8i086af7c112dqtwnba0fctxq9", "date_added": "2022-12-04"}}, {"model": "carts.cart", "pk": 16, "fields": {"cart_id": "getz9gvrm1t5003va6lp33mv73eg3gr9", "date_added": "2022-12-04"}}, {"model": "carts.cart", "pk": 17, "fields": {"cart_id": "cu6cw8magti8d9rx826ekx6ja5cpoh4c", "date_added": "2022-12-04"}}, {"model": "carts.cart", "pk": 18, "fields": {"cart_id": "p616rctz1otrbah2c5h12xist4yysoeb", "date_added": "2022-12-04"}}, {"model": "carts.cart", "pk": 19, "fields": {"cart_id": "9x3ri14dtt823wk1ptyvo3n6zd36o840", "date_added": "2022-12-04"}}, {"model": "carts.cart", "pk": 20, "fields": {"cart_id": "8pextge2ejk6hso8dc2pcp77zk3dzm86", "date_added": "2022-12-04"}}, {"model": "carts.cart", "pk": 21, "fields": {"cart_id": "qyjic03rcnwx8aa6cobacj804xuoedmr", "date_added": "2022-12-04"}}, {"model": "carts.cart", "pk": 22, "fields": {"cart_id": "guy8menygmp3sw6aw9map2085cozdgv0", "date_added": "2022-12-04"}}, {"model": "carts.cart", "pk": 23, "fields": {"cart_id": "d0djhupi8t2udnym8hcbcdrzl2j2t038", "date_added": "2022-12-04"}}, {"model": "carts.cart", "pk": 24, "fields": {"cart_id": "v5lv5o434jsn8fei7sd3afa76szqikt2", "date_added": "2022-12-04"}}, {"model": "carts.cart", "pk": 25, "fields": {"cart_id": "475dee38vsaa8v90ai86hptyhyxwr84c", "date_added": "2022-12-04"}}, {"model": "carts.cart", "pk": 26, "fields": {"cart_id": "u9sbh0ua8pjioy87ztq512f3j8medm6c", "date_added": "2022-12-04"}}, {"model": "carts.cart", "pk": 27, "fields": {"cart_id": "7blg5w8h34bkcn5q2s785ue8a02hagg7", "date_added": "2022-12-04"}}, {"model": "carts.cart", "pk": 28, "fields": {"cart_id": "hbq8wjnpyxzatwsves0p6f7we2pkmb4m", "date_added": "2022-12-04"}}, {"model": "carts.cart", "pk": 29, "fields": {"cart_id": "814trugxv3xnbg7nqrccir6um9olyhzu", "date_added": "2022-12-04"}}, {"model": "carts.cart", "pk": 30, "fields": {"cart_id": "v7v0z124nvjcmsdc6phu7abjwvyp774s", "date_added": "2022-12-04"}}, {"model": "carts.cart", "pk": 31, "fields": {"cart_id": "l1li0c79myngiji3mkwjtompboc939lw", "date_added": "2022-12-04"}}, {"model": "carts.cart", "pk": 32, "fields": {"cart_id": "7yjk557r48ypjhx89wqnm4b55hof9x2x", "date_added": "2022-12-04"}}, {"model": "carts.cart", "pk": 33, "fields": {"cart_id": "8poym78bbhvkromekodj7drqltu1mlhd", "date_added": "2022-12-04"}}, {"model": "carts.cart", "pk": 34, "fields": {"cart_id": "vwd6p2xqco5ly7j1tzye6y0r9aounyyd", "date_added": "2022-12-04"}}, {"model": "orders.payment", "pk": 1, "fields": {"user": 14, "payment_id": "1670705438pfj2", "payment_method": "custom_payment", "amount_paid": "3872.94", "status": "complete", "created_at": "2022-12-10T20:50:38.414Z"}}, {"model": "orders.payment", "pk": 2, "fields": {"user": 14, "payment_id": "1670745509vy2t", "payment_method": "custom_payment", "amount_paid": "12538.86", "status": "complete", "created_at": "2022-12-11T07:58:29.412Z"}}, {"model": "orders.payment", "pk": 3, "fields": {"user": 14, "payment_id": "1670745652fk4i", "payment_method": "custom_payment", "amount_paid": "11927.88", "status": "complete", "created_at": "2022-12-11T08:00:52.109Z"}}, {"model": "orders.payment", "pk": 4, "fields": {"user": 14, "payment_id": "1670746452m4uy", "payment_method": "custom_payment", "amount_paid": "3057.96", "status": "complete", "created_at": "2022-12-11T08:14:12.112Z"}}, {"model": "orders.payment", "pk": 5, "fields": {"user": 14, "payment_id": "1670765709aqts", "payment_method": "custom_payment", "amount_paid": "3057.96", "status": "complete", "created_at": "2022-12-11T13:35:09.089Z"}}, {"model": "orders.payment", "pk": 7, "fields": {"user": 42, "payment_id": "1670796946zrnq", "payment_method": "custom_payment", "amount_paid": "10398.9", "status": "complete", "created_at": "2022-12-11T22:15:46.393Z"}}, {"model": "orders.payment", "pk": 8, "fields": {"user": 42, "payment_id": "1671134247w57m", "payment_method": "custom_payment", "amount_paid": "1528.98", "status": "complete", "created_at": "2022-12-15T19:57:27.834Z"}}, {"model": "orders.payment", "pk": 9, "fields": {"user": 1, "payment_id": "1671226516xan7", "payment_method": "custom_payment", "amount_paid": "935.34", "status": "complete", "created_at": "2022-12-16T21:35:16.895Z"}}, {"model": "orders.payment", "pk": 10, "fields": {"user": 1, "payment_id": "1671228484ee9s", "payment_method": "custom_payment", "amount_paid": "4265.64", "status": "complete", "created_at": "2022-12-16T22:08:04.720Z"}}, {"model": "orders.order", "pk": 13, "fields": {"user": 14, "payment": 1, "order_number": "167070541213", "first_name": "raghav", "last_name": "rastogi", "phone": "99900099900", "email": "wanderlust.we.009@gmail.com", "address_line_1": "tempaddress line 001", "address_line_2": "temp address line 002", "country": "India", "state": "UP", "city": "Noida", "order_note": "test", "order_total": 3872.94, "tax": 75.94, "status": "New", "ip": "127.0.0.1", "is_ordered": true, "created_at": "2022-12-10T20:50:12.158Z", "updated_at": "2022-12-10T20:50:38.422Z"}}, {"model": "orders.order", "pk": 14, "fields": {"user": 14, "payment": 2, "order_number": "167074550314", "first_name": "raghav", "last_name": "rastogi", "phone": "99900099900", "email": "wanderlust.we.009@gmail.com", "address_line_1": "tempaddress line 001", "address_line_2": "temp address line 002", "country": "India", "state": "UP", "city": "Noida", "order_note": "this is test note", "order_total": 12538.86, "tax": 245.86, "status": "New", "ip": "127.0.0.1", "is_ordered": true, "created_at": "2022-12-11T07:58:23.841Z", "updated_at": "2022-12-11T07:58:29.424Z"}}, {"model": "orders.order", "pk": 15, "fields": {"user": 14, "payment": 3, "order_number": "167074564615", "first_name": "raghav", "last_name": "rastogi", "phone": "99900099900", "email": "wanderlust.we.009@gmail.com", "address_line_1": "tempaddress line 001", "address_line_2": "temp address line 002", "country": "India", "state": "UP", "city": "Noida", "order_note": "this is test note", "order_total": 11927.88, "tax": 233.88, "status": "New", "ip": "127.0.0.1", "is_ordered": true, "created_at": "2022-12-11T08:00:46.824Z", "updated_at": "2022-12-11T08:00:52.119Z"}}, {"model": "orders.order", "pk": 16, "fields": {"user": 14, "payment": 4, "order_number": "167074644916", "first_name": "raghav", "last_name": "rastogi", "phone": "99900099900", "email": "wanderlust.we.009@gmail.com", "address_line_1": "tempaddress line 001", "address_line_2": "temp address line 002", "country": "India", "state": "UP", "city": "Noida", "order_note": "this is test note", "order_total": 3057.96, "tax": 59.96, "status": "New", "ip": "127.0.0.1", "is_ordered": true, "created_at": "2022-12-11T08:14:09.004Z", "updated_at": "2022-12-11T08:14:12.121Z"}}, {"model": "orders.order", "pk": 17, "fields": {"user": 14, "payment": 5, "order_number": "167076566017", "first_name": "raghav", "last_name": "rastogi", "phone": "99900099900", "email": "wanderlust.we.009@gmail.com", "address_line_1": "tempaddress line 001", "address_line_2": "temp address line 002", "country": "India", "state": "UP", "city": "Noida", "order_note": "this is test note", "order_total": 3057.96, "tax": 59.96, "status": "New", "ip": "127.0.0.1", "is_ordered": true, "created_at": "2022-12-11T13:34:20.969Z", "updated_at": "2022-12-11T13:35:09.103Z"}}, {"model": "orders.order", "pk": 18, "fields": {"user": null, "payment": null, "order_number": "167076965418", "first_name": "thomas", "last_name": "cook", "phone": "9990009990", "email": "thomascook@gmail.com", "address_line_1": "addressline001", "address_line_2": "addressline002", "country": "US", "state": "texas", "city": "Dallas", "order_note": "this is order note", "order_total": 4586.94, "tax": 89.94, "status": "New", "ip": "127.0.0.1", "is_ordered": true, "created_at": "2022-12-11T14:40:54.588Z", "updated_at": "2022-12-11T14:40:58.149Z"}}, {"model": "orders.order", "pk": 19, "fields": {"user": 42, "payment": 7, "order_number": "167079693819", "first_name": "thomas", "last_name": "cook", "phone": "9990009990", "email": "wanderlust.we.009@gmail.com", "address_line_1": "addressline001", "address_line_2": "addressline002", "country": "US", "state": "texas", "city": "Dallas", "order_note": "this is test note", "order_total": 10398.9, "tax": 203.9, "status": "New", "ip": "127.0.0.1", "is_ordered": true, "created_at": "2022-12-11T22:15:38.016Z", "updated_at": "2022-12-11T22:15:46.411Z"}}, {"model": "orders.order", "pk": 20, "fields": {"user": 42, "payment": 8, "order_number": "167113424120", "first_name": "thomas", "last_name": "cook", "phone": "9990009990", "email": "wanderlust.we.009@gmail.com", "address_line_1": "addressline001", "address_line_2": "", "country": "US", "state": "texas", "city": "Plano", "order_note": "", "order_total": 1528.98, "tax": 29.98, "status": "New", "ip": "127.0.0.1", "is_ordered": true, "created_at": "2022-12-15T19:57:21.523Z", "updated_at": "2022-12-15T19:57:27.842Z"}}, {"model": "orders.order", "pk": 21, "fields": {"user": 1, "payment": 9, "order_number": "167122650921", "first_name": "raghav", "last_name": "rastogi", "phone": "99900099900", "email": "wanderlust.we.009@gmail.com", "address_line_1": "tempaddress line 001", "address_line_2": "temp address line 002", "country": "India", "state": "UP", "city": "Noida", "order_note": "", "order_total": 935.34, "tax": 18.34, "status": "New", "ip": "127.0.0.1", "is_ordered": true, "created_at": "2022-12-16T21:35:09.245Z", "updated_at": "2022-12-16T21:35:16.899Z"}}, {"model": "orders.order", "pk": 22, "fields": {"user": 1, "payment": 10, "order_number": "167122847822", "first_name": "raghav", "last_name": "rastogi", "phone": "99900099900", "email": "wanderlust.we.009@gmail.com", "address_line_1": "tempaddress line 001", "address_line_2": "", "country": "India", "state": "UP", "city": "Noida", "order_note": "", "order_total": 4265.64, "tax": 83.64, "status": "New", "ip": "127.0.0.1", "is_ordered": true, "created_at": "2022-12-16T22:07:58.128Z", "updated_at": "2022-12-16T22:08:04.727Z"}}, {"model": "orders.orderproduct", "pk": 15, "fields": {"order": 22, "payment": 10, "user": 1, "product": 452, "quantity": 1, "product_price": 0.0, "ordered": true, "created_at": "2022-12-16T22:08:04.748Z", "updated_at": "2022-12-16T22:08:04.785Z", "variations": [490, 493]}}, {"model": "orders.orderproduct", "pk": 16, "fields": {"order": 22, "payment": 10, "user": 1, "product": 420, "quantity": 1, "product_price": 624.0, "ordered": true, "created_at": "2022-12-16T22:08:04.805Z", "updated_at": "2022-12-16T22:08:04.822Z", "variations": [379, 381]}}, {"model": "orders.orderproduct", "pk": 17, "fields": {"order": 22, "payment": 10, "user": 1, "product": 532, "quantity": 1, "product_price": 458.0, "ordered": true, "created_at": "2022-12-16T22:08:04.839Z", "updated_at": "2022-12-16T22:08:04.857Z", "variations": [697, 700]}}, {"model": "orders.orderproduct", "pk": 18, "fields": {"order": 22, "payment": 10, "user": 1, "product": 534, "quantity": 1, "product_price": 442.0, "ordered": true, "created_at": "2022-12-16T22:08:04.874Z", "updated_at": "2022-12-16T22:08:04.887Z", "variations": [706, 708]}}, {"model": "orders.orderproduct", "pk": 19, "fields": {"order": 22, "payment": 10, "user": 1, "product": 541, "quantity": 1, "product_price": 909.0, "ordered": true, "created_at": "2022-12-16T22:08:04.897Z", "updated_at": "2022-12-16T22:08:04.911Z", "variations": [740, 741]}}, {"model": "orders.orderproduct", "pk": 20, "fields": {"order": 22, "payment": 10, "user": 1, "product": 467, "quantity": 1, "product_price": 0.0, "ordered": true, "created_at": "2022-12-16T22:08:04.924Z", "updated_at": "2022-12-16T22:08:04.936Z", "variations": [531, 535]}}, {"model": "orders.orderproduct", "pk": 21, "fields": {"order": 22, "payment": 10, "user": 1, "product": 459, "quantity": 1, "product_price": 1749.0, "ordered": true, "created_at": "2022-12-16T22:08:04.947Z", "updated_at": "2022-12-16T22:08:04.964Z", "variations": [512, 513]}}, {"model": "account.emailaddress", "pk": 18, "fields": {"user": 42, "email": "shradharastogi13@gmail.com", "verified": true, "primary": true}}, {"model": "socialaccount.socialapp", "pk": 1, "fields": {"provider": "google", "name": "demo google", "client_id": "333470938378-92kd0ebanbie5lls7mtleggelkakrlpg.apps.googleusercontent.com", "secret": "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", "key": "", "sites": [1]}}, {"model": "socialaccount.socialaccount", "pk": 18, "fields": {"user": 42, "provider": "google", "uid": "107978882767294520478", "last_login": "2022-12-15T19:55:31.803Z", "date_joined": "2022-12-11T22:14:01.543Z", "extra_data": "{\"id\": \"107978882767294520478\", \"email\": \"shradharastogi13@gmail.com\", \"verified_email\": true, \"name\": \"shradha rastogi\", \"given_name\": \"shradha\", \"family_name\": \"rastogi\", \"picture\": \"https://lh3.googleusercontent.com/a/AEdFTp4CwE5agbGIKO8IKNDoQgOHFEq23QEKWZCflcxp=s96-c\", \"locale\": \"en\"}"}}]